-- V31 — catalog enrichment.
--   1. Fill 355 previously-empty default prices (market hints from rabotniki.ua,
--      fuzzy-matched within trade; estimated by unit where no direct match). Guarded on
--      suggested_price = 0 so a real price is never overwritten. Only the DEFAULT catalog
--      is touched — a master's own catalog_items (copied by value) keep their edits.
--   2. Add 62 new default positions at added_in_version = 2, so existing masters
--      see them under "Add new from library" (currentVersion = MAX(added_in_version)).
--   3. Expand + extend the default estimate templates (more positions each + new bundles).

-- 1. PRICE FILLS -------------------------------------------------------------
UPDATE catalog_templates ct SET suggested_price = v.price
FROM (VALUES
  ('BUILDER', 'Планування ділянки і нівелювання', 'Земляні', 1350.00),
  ('BUILDER', 'Перенесення землі (не далі 20м)', 'Земляні', 300.00),
  ('BUILDER', 'Копання траншей ям котловану вручну', 'Земляні', 500.00),
  ('BUILDER', 'Планування грунту до 10 см', 'Земляні', 100.00),
  ('BUILDER', 'Копка траншей глибиною 0.5м шириною 35см', 'Земляні', 300.00),
  ('BUILDER', 'Зворотня засипка траншеї', 'Земляні', 600.00),
  ('BUILDER', 'Піщана подушка з ущільненням', 'Земляні', 220.00),
  ('BUILDER', 'Щебенева підготовка до 10 см', 'Земляні', 120.00),
  ('BUILDER', 'Монтаж та демонтаж опалубки для фундаменту', 'Фундамент', 350.00),
  ('BUILDER', 'Бетонування армопоясу з міксера', 'Фундамент', 300.00),
  ('BUILDER', 'Установка закладних під комунікації', 'Фундамент', 200.00),
  ('BUILDER', 'Прокладка комунікацій', 'Фундамент', 300.00),
  ('BUILDER', 'Гідроізоляція плівкою', 'Фундамент', 220.00),
  ('BUILDER', 'Гідроізоляція фундаменту мастикою', 'Фундамент', 100.00),
  ('BUILDER', 'Монтаж гвинтових паль', 'Фундамент', 240.00),
  ('BUILDER', 'Монтаж перемичок над прорізами', 'Монтажні', 1350.00),
  ('BUILDER', 'Облаштування перемичок бетонних', 'Монтажні', 300.00),
  ('BUILDER', 'Гідроізоляція перед першим рядом', 'Кладка', 300.00),
  ('BUILDER', 'Кладка стіни з керамоблока 38х60х20', 'Кладка', 1900.00),
  ('BUILDER', 'Кладка стіни з керамоблока 2НФ 25х12', 'Кладка', 1900.00),
  ('BUILDER', 'Кладка стін з шлакоблоку', 'Кладка', 1900.00),
  ('BUILDER', 'Армування кладки сіткою арматурою', 'Кладка', 50.00),
  ('BUILDER', 'Облаштування дверної пройми', 'Кладка', 1350.00),
  ('BUILDER', 'Приготування розчину для кладки без щебня', 'Кладка', 800.00),
  ('BUILDER', 'Приготування розчину з щебнем', 'Кладка', 800.00),
  ('BUILDER', 'Кладка вентканалів і димоходу', 'Кладка', 900.00),
  ('BUILDER', 'Монтаж односкатного даху комплекс', 'Покрівля', 90.00),
  ('BUILDER', 'Монтаж двоскатного даху комплекс', 'Покрівля', 90.00),
  ('BUILDER', 'Монтаж чотирьохскатного даху комплекс', 'Покрівля', 90.00),
  ('BUILDER', 'Балки перекриття', 'Покрівля', 800.00),
  ('BUILDER', 'Монтаж утеплювача на перекриття до 100мм', 'Покрівля', 135.00),
  ('BUILDER', 'Монтаж утеплювача на перекриття більше 100мм', 'Покрівля', 135.00),
  ('BUILDER', 'Монтаж утеплювача на покрівлю до 100мм', 'Покрівля', 135.00),
  ('BUILDER', 'Монтаж утеплювача на покрівлю більше 100мм', 'Покрівля', 135.00),
  ('BUILDER', 'Гідробар''єр паробар''єр', 'Покрівля', 180.00),
  ('BUILDER', 'Монтаж маурлата', 'Покрівля', 100.00),
  ('BUILDER', 'Обробка антисептиком', 'Покрівля', 950.00),
  ('BUILDER', 'Укладання шиферу або ондуліна', 'Покрівля', 182.00),
  ('BUILDER', 'Монтаж фальцевої покрівлі', 'Покрівля', 100.00),
  ('BUILDER', 'Гідроізоляція поліуретановою мастикою', 'Покрівля', 100.00),
  ('BUILDER', 'Гідроізоляція покрівлі мастика і євроруберойд', 'Покрівля', 150.00),
  ('BUILDER', 'Укладання підкладкового килима', 'Покрівля', 182.00),
  ('BUILDER', 'Підшива даху сайдінгом профнастилом', 'Покрівля', 300.00),
  ('BUILDER', 'Підшива даху дерев''яною вагонкою', 'Покрівля', 300.00),
  ('BUILDER', 'Монтаж лобової вітрової конькової планки', 'Покрівля', 240.00),
  ('BUILDER', 'Монтаж капельника', 'Покрівля', 100.00),
  ('BUILDER', 'Монтаж планок закінчення стикування', 'Покрівля', 240.00),
  ('BUILDER', 'Установка флюгера ковпака на димохід', 'Покрівля', 200.00),
  ('BUILDER', 'Облаштування покрівель наплавлення руберойду один шар', 'Покрівля', 240.00),
  ('BUILDER', 'Облаштування покрівель наплавлення руберойду два шари', 'Покрівля', 120.00),
  ('BUILDER', 'Облаштування водостічної воронки', 'Покрівля', 1350.00),
  ('BUILDER', 'Монтаж водостоків жолоб труба', 'Покрівля', 190.00),
  ('BUILDER', 'Грунтовка поверхні кварцгрунтом', 'Фасад', 25.00),
  ('BUILDER', 'Розділення розмітка двох кольорів декор штукатурки', 'Фасад', 300.00),
  ('BUILDER', 'Утеплення укосів пінопластом', 'Фасад', 600.00),
  ('BUILDER', 'Утеплення укосів ватою', 'Фасад', 300.00),
  ('BUILDER', 'Армування укосів сітка перетяжка', 'Фасад', 300.00),
  ('BUILDER', 'Монтаж стартової планки', 'Фасад', 240.00),
  ('BUILDER', 'Утеплення цоколя пінополістиролом', 'Фасад', 300.00),
  ('BUILDER', 'Облицювання клінкерною плиткою', 'Фасад', 250.00),
  ('BUILDER', 'Облицювання фасаду натуральним штучним каменем', 'Фасад', 250.00),
  ('BUILDER', 'Монтаж відливів на вікна', 'Фасад', 240.00),
  ('BUILDER', 'Планування ущільнення віброплитою під плитку до 20см', 'Благоустрій', 100.00),
  ('BUILDER', 'Укладання армованої сітки для тротуарної плитки', 'Благоустрій', 250.00),
  ('BUILDER', 'Підрізка примикань тротуарної плитки', 'Благоустрій', 250.00),
  ('BUILDER', 'Приготування бетону для тротуарної плитки', 'Благоустрій', 250.00),
  ('BUILDER', 'Приготування гарцовки для тротуарної плитки', 'Благоустрій', 250.00),
  ('BUILDER', 'Облаштування жолоба для зливу води в плитці', 'Благоустрій', 300.00),
  ('BUILDER', 'Доріжки з бетону з армуванням', 'Благоустрій', 270.00),
  ('BUILDER', 'Доріжки з бетону без армування', 'Благоустрій', 50.00),
  ('BUILDER', 'Установка тротуарного бордюру коло радіус', 'Благоустрій', 150.00),
  ('BUILDER', 'Установка останнього ряду плитки на розчин', 'Благоустрій', 150.00),
  ('BUILDER', 'Установка піскоприймача в плитку', 'Благоустрій', 200.00),
  ('BUILDER', 'Монтаж відливу водовідведення в плитку', 'Благоустрій', 1350.00),
  ('BUILDER', 'Монтаж люка в тротуарну плитку', 'Благоустрій', 1350.00),
  ('BUILDER', 'Паркан з дерева ранчо до 1.6м від 50мп', 'Паркан', 300.00),
  ('BUILDER', 'Паркан з дерева ранчо до 1.6м до 50мп', 'Паркан', 300.00),
  ('BUILDER', 'Паркан з профнастилу до 1.6м від 50мп', 'Паркан', 555.00),
  ('BUILDER', 'Паркан з профнастилу до 1.6м до 50мп', 'Паркан', 555.00),
  ('BUILDER', 'Паркан з штахет ламель до 1.6м від 50мп', 'Паркан', 300.00),
  ('BUILDER', 'Паркан з штахет ламель до 1.6м до 50мп', 'Паркан', 300.00),
  ('BUILDER', 'Паркан габіон до 1.6м', 'Паркан', 300.00),
  ('BUILDER', 'Паркан габіон', 'Паркан', 555.00),
  ('BUILDER', 'Установка дерев''яного металевого стовпа паркану', 'Паркан', 200.00),
  ('BUILDER', 'Цоколь паркану бетонний 20х50', 'Паркан', 300.00),
  ('BUILDER', 'Фундамент під цоколь паркану з шлакоблоків', 'Паркан', 300.00),
  ('BUILDER', 'Кладка стовпів паркану під розшивку', 'Паркан', 2500.00),
  ('BUILDER', 'Монтаж шлакоблоків для стовбчика', 'Паркан', 1350.00),
  ('BUILDER', 'Монтаж шлакоблоків для цоколя паркана', 'Паркан', 240.00),
  ('BUILDER', 'Монтаж кришки з бетону на цоколь паркана', 'Паркан', 240.00),
  ('BUILDER', 'Монтаж кришки з бетону на стовбчик паркана', 'Паркан', 240.00),
  ('BUILDER', 'Монтаж кришки з металу на стовбчик паркану', 'Паркан', 600.00),
  ('BUILDER', 'Монтаж профнастилу на паркан до 2м', 'Паркан', 180.00),
  ('BUILDER', 'Монтаж штахет ламель', 'Паркан', 100.00),
  ('BUILDER', 'Монтаж композитної дошки на паркан', 'Паркан', 240.00),
  ('BUILDER', 'Монтаж кришки з жерсті на низ паркану', 'Паркан', 240.00),
  ('BUILDER', 'Механізоване нанесення камінцевої штукатурки', 'Паркан', 180.00),
  ('BUILDER', 'Зварювання каркасу сходів пряма сходинка', 'Сходи', 1350.00),
  ('BUILDER', 'Зварювання каркасу сходів поворотна сходинка', 'Сходи', 1350.00),
  ('BUILDER', 'Зварювання площадки', 'Сходи', 1350.00),
  ('BUILDER', 'Бетонні сходи пряма сходинка', 'Сходи', 1350.00),
  ('BUILDER', 'Бетонні сходи поворотна сходинка', 'Сходи', 1350.00),
  ('BUILDER', 'Бетонна площадка', 'Сходи', 1350.00),
  ('BUILDER', 'Бетонні сходи пряма сходинка заливка вручну', 'Сходи', 1350.00),
  ('BUILDER', 'Бетонні сходи поворотна сходинка заливка вручну', 'Сходи', 1350.00),
  ('BUILDER', 'Бетонна площадка заливка вручну', 'Сходи', 1350.00),
  ('BUILDER', 'Зварювання рами розсувних воріт комплекс', 'Зварювання', 240.00),
  ('BUILDER', 'Зварювання рами розсувних воріт понад 7м комплекс', 'Зварювання', 240.00),
  ('BUILDER', 'Зварювання рами розпашних воріт комплекс', 'Зварювання', 240.00),
  ('BUILDER', 'Зварювання рами хвіртки комплекс', 'Зварювання', 240.00),
  ('BUILDER', 'Встановлення замка', 'Зварювання', 1350.00),
  ('BUILDER', 'Виготовлення ручки на хвіртку', 'Зварювання', 1350.00),
  ('BUILDER', 'Хоз блок сарайчик комплекс робіт', 'Споруди', 630.00),
  ('BUILDER', 'Виготовлення терас веранд комплекс', 'Споруди', 11800.00),
  ('BUILDER', 'Фарбування терасної дошки', 'Споруди', 120.00),
  ('BUILDER', 'Навіс легкий комплекс', 'Споруди', 630.00),
  ('BUILDER', 'Навіс середній комплекс', 'Споруди', 630.00),
  ('BUILDER', 'Навіс максимальний комплекс', 'Споруди', 630.00),
  ('BUILDER', 'Будівництво гаража комплекс', 'Споруди', 630.00),
  ('ELECTRICAL', 'Прокладка закладної гофри для резервного живлення', 'Підготовка', 210.00),
  ('ELECTRICAL', 'Перевірка цілісності кола продзвонка', 'Підготовка', 240.00),
  ('ELECTRICAL', 'Установка тимчасового освітлення розеток на час ремонту', 'Підготовка', 80.00),
  ('ELECTRICAL', 'Монтаж електрощита накладного 48-60 модулів', 'Щит', 120.00),
  ('ELECTRICAL', 'Монтаж електрощита накладного 72-90 модулів', 'Щит', 120.00),
  ('ELECTRICAL', 'Монтаж електрощита накладного 120-180 модулів', 'Щит', 120.00),
  ('ELECTRICAL', 'Установка контактора 220В', 'Щит', 400.00),
  ('ELECTRICAL', 'Установка контактора 380В', 'Щит', 400.00),
  ('ELECTRICAL', 'Нульові шини', 'Щит', 200.00),
  ('ELECTRICAL', 'Встановлення розподільчого блоку на дин-рейку', 'Щит', 320.00),
  ('ELECTRICAL', 'Установка автомата трьохполюсного', 'Щит', 270.00),
  ('ELECTRICAL', 'Установка автомата чотирьохполюсного', 'Щит', 270.00),
  ('ELECTRICAL', 'Установка автомата перекидного двополюсного', 'Щит', 270.00),
  ('ELECTRICAL', 'Установка автомата перекидного чотирьохполюсного', 'Щит', 270.00),
  ('ELECTRICAL', 'Установка реле перекидного чотирьохполюсного', 'Щит', 400.00),
  ('ELECTRICAL', 'Установка АВР', 'Щит', 400.00),
  ('ELECTRICAL', 'Установка рубильника реверсивного', 'Щит', 400.00),
  ('ELECTRICAL', 'Установка автомата диференційного', 'Щит', 270.00),
  ('ELECTRICAL', 'Установка крос-модуля', 'Щит', 400.00),
  ('ELECTRICAL', 'Штроблення під кабель канал', 'Кабель', 100.00),
  ('ELECTRICAL', 'Прокладка кабелю', 'Кабель', 210.00),
  ('ELECTRICAL', 'Прокладка кабелю в металорукаві', 'Кабель', 210.00),
  ('ELECTRICAL', 'Опресовка наконечників кабельних', 'Кабель', 200.00),
  ('ELECTRICAL', 'Пайка кабелю', 'Кабель', 200.00),
  ('ELECTRICAL', 'Заробка штроб', 'Кабель', 88.00),
  ('ELECTRICAL', 'Отвір для розподільчої коробки в гіпсокартоні', 'Підрозетники', 200.00),
  ('ELECTRICAL', 'Отвір для розподільчої коробки в цеглі', 'Підрозетники', 200.00),
  ('ELECTRICAL', 'Отвір для розподільчої коробки в бетоні', 'Підрозетники', 200.00),
  ('ELECTRICAL', 'Монтаж розподільчої коробки в стіну', 'Підрозетники', 120.00),
  ('ELECTRICAL', 'Монтаж розподільчої коробки на стелю', 'Підрозетники', 120.00),
  ('ELECTRICAL', 'Монтаж люка-ревізії під ТВ інтернет', 'Розетки', 120.00),
  ('ELECTRICAL', 'Монтаж вилки кабельної', 'Розетки', 120.00),
  ('ELECTRICAL', 'Установка промислової розетки на фасаді', 'Розетки', 100.00),
  ('ELECTRICAL', 'Установка накладних розетки вимикача коробки', 'Розетки', 100.00),
  ('ELECTRICAL', 'Установка розетки для ТВ розгалуджувача', 'Розетки', 100.00),
  ('ELECTRICAL', 'Установка розетки комп''ютерної', 'Розетки', 232.00),
  ('ELECTRICAL', 'Свердління наскрізних отворів у гіпсокартоні', 'Свердління', 90.00),
  ('ELECTRICAL', 'Свердління наскрізних отворів у цеглі', 'Свердління', 90.00),
  ('ELECTRICAL', 'Свердління наскрізних отворів у бетоні', 'Свердління', 90.00),
  ('ELECTRICAL', 'Свердління отвору під кабель в капітальній стіні', 'Свердління', 90.00),
  ('ELECTRICAL', 'Свердління під точковий світильник в гіпсокартоні', 'Свердління', 90.00),
  ('ELECTRICAL', 'Свердління під точковий світильник в рейковій стелі', 'Свердління', 90.00),
  ('ELECTRICAL', 'Установка та підключення трансформатора', 'Освітлення', 150.00),
  ('ELECTRICAL', 'Установка та підключення стабілізатора напруги', 'Освітлення', 1000.00),
  ('ELECTRICAL', 'Спайка світлодіодної стрічки', 'Освітлення', 200.00),
  ('ELECTRICAL', 'Монтаж шинопровода трекової системи', 'Освітлення', 147.00),
  ('ELECTRICAL', 'Установка трекового світильника', 'Освітлення', 400.00),
  ('ELECTRICAL', 'Прокладка закладної гофри в штробі для теплої підлоги', 'Тепла підлога', 210.00),
  ('ELECTRICAL', 'Фіксація нагрівального мата спеціальним клеєм', 'Тепла підлога', 240.00),
  ('ELECTRICAL', 'Укладка підлоги електричної інфрачервона плівкова', 'Тепла підлога', 250.00),
  ('ELECTRICAL', 'Установка дверного дзвінка дротового', 'Інше', 400.00),
  ('ELECTRICAL', 'Установка дверного дзвінка бездротового', 'Інше', 400.00),
  ('ELECTRICAL', 'Установка кнопки дверного дзвінка', 'Інше', 120.00),
  ('PLUMBING', 'Обв''язка котла один котел 4 точки', 'Опалення', 400.00),
  ('PLUMBING', 'Монтаж котельної котел бойлер насоси крани фільтра', 'Опалення', 825.00),
  ('PLUMBING', 'Установка настінного двоконтурного котла', 'Опалення', 3000.00),
  ('PLUMBING', 'Установка настінного одноконтурного котла з бойлером', 'Опалення', 3000.00),
  ('PLUMBING', 'Установка твердопаливного котла', 'Опалення', 6000.00),
  ('PLUMBING', 'Монтаж гідрострілки', 'Опалення', 1300.00),
  ('PLUMBING', 'Монтаж насосної групи', 'Опалення', 1203.00),
  ('PLUMBING', 'Монтаж трубної системи тепла підлога з утеплювачем', 'Опалення', 200.00),
  ('PLUMBING', 'Виготовлення ніші під шафу колектора в цеглі', 'Опалення', 1300.00),
  ('PLUMBING', 'Виготовлення ніші під шафу колектора в бетоні', 'Опалення', 1300.00),
  ('PLUMBING', 'Монтаж колектора гребінки', 'Опалення', 1281.00),
  ('PLUMBING', 'Установка та підключення унібокса', 'Опалення', 1200.00),
  ('PLUMBING', 'Установка ніжок під радіатор з нижнім підключенням', 'Опалення', 300.00),
  ('PLUMBING', 'Нарізання різьби на стояку опалення', 'Опалення', 870.00),
  ('PLUMBING', 'Прокладання труб на хомутах (опалення)', 'Опалення', 53.00),
  ('PLUMBING', 'Заробка штроб (опалення)', 'Опалення', 53.00),
  ('PLUMBING', 'Перевірка системи водопроводу тиском', 'Водопостачання', 900.00),
  ('PLUMBING', 'Монтаж фільтра очищення води легка система', 'Водопостачання', 850.00),
  ('PLUMBING', 'Монтаж фільтра самопромивного', 'Водопостачання', 400.00),
  ('PLUMBING', 'Монтаж редуктора тиску води', 'Водопостачання', 500.00),
  ('PLUMBING', 'Монтаж гідрокомпенсатора', 'Водопостачання', 1300.00),
  ('PLUMBING', 'Установка манометра', 'Водопостачання', 300.00),
  ('PLUMBING', 'Установка лічильника води підвищеної складності', 'Водопостачання', 500.00),
  ('PLUMBING', 'Установка зворотного осмосу', 'Водопостачання', 300.00),
  ('PLUMBING', 'Монтаж системи від протікання води', 'Водопостачання', 850.00),
  ('PLUMBING', 'Монтаж обладнання свердловини комплекс', 'Водопостачання', 825.00),
  ('PLUMBING', 'Монтаж насоса свердловини труби трос оголовок', 'Водопостачання', 825.00),
  ('PLUMBING', 'Прокладання труб на хомутах (вода)', 'Водопостачання', 25.00),
  ('PLUMBING', 'Прокладка труб в траншеї', 'Водопостачання', 50.00),
  ('PLUMBING', 'Штроблення в газобетоні цеглі (каналізація)', 'Каналізація', 150.00),
  ('PLUMBING', 'Штроблення в бетоні (каналізація)', 'Каналізація', 200.00),
  ('PLUMBING', 'Штроблення під трубу 100мм в газобетоні цеглі', 'Каналізація', 150.00),
  ('PLUMBING', 'Штроблення під трубу 100мм в бетоні', 'Каналізація', 200.00),
  ('PLUMBING', 'Прокладка труб каналізації', 'Каналізація', 50.00),
  ('PLUMBING', 'Прокладання труб на хомутах (каналізація)', 'Каналізація', 25.00),
  ('PLUMBING', 'Шумоізоляція стояка каналізації', 'Каналізація', 3000.00),
  ('PLUMBING', 'Монтаж заміна стояка пластик на пластик одна панель', 'Каналізація', 3000.00),
  ('PLUMBING', 'Монтаж заміна стояка пластик на пластик дві панелі', 'Каналізація', 3000.00),
  ('PLUMBING', 'Монтаж заміна стояка чавун на пластик одна панель', 'Каналізація', 3000.00),
  ('PLUMBING', 'Монтаж заміна стояка чавун на пластик дві панелі', 'Каналізація', 3000.00),
  ('PLUMBING', 'Монтаж зворотного клапана каналізації Ф50', 'Каналізація', 1300.00),
  ('PLUMBING', 'Монтаж зворотного клапана каналізації Ф110', 'Каналізація', 1300.00),
  ('PLUMBING', 'Установка компенсатора каналізаційного', 'Каналізація', 300.00),
  ('PLUMBING', 'Монтаж сололіфта', 'Каналізація', 1300.00),
  ('PLUMBING', 'Установка ванни з гідромасажем', 'Сантехприлади', 1800.00),
  ('PLUMBING', 'Шумоізоляція ванни', 'Сантехприлади', 1800.00),
  ('PLUMBING', 'Установка декоративного екрану під ванну', 'Сантехприлади', 300.00),
  ('PLUMBING', 'Установка скляних розсувних дверей', 'Сантехприлади', 300.00),
  ('PLUMBING', 'Установка душової кабіни бокс', 'Сантехприлади', 2000.00),
  ('PLUMBING', 'Монтаж тропічного душу', 'Сантехприлади', 850.00),
  ('PLUMBING', 'Монтаж панелі з клавішами змиву', 'Сантехприлади', 1300.00),
  ('PLUMBING', 'Установка кранів', 'Сантехприлади', 300.00),
  ('PLUMBING', 'Установка змішувача окремостоячого підлоговий', 'Сантехприлади', 1800.00),
  ('PLUMBING', 'Установка змішувача прихованого типу умивальник', 'Сантехприлади', 1800.00),
  ('PLUMBING', 'Монтаж душової системи прихованого типу Smart Box', 'Сантехприлади', 1300.00),
  ('PLUMBING', 'Установка штанги', 'Сантехприлади', 300.00),
  ('PLUMBING', 'Установка люка-ревізії простого', 'Сантехприлади', 300.00),
  ('PLUMBING', 'Установка дзеркала простого', 'Сантехприлади', 300.00),
  ('PLUMBING', 'Монтаж металевого сифона', 'Сантехприлади', 1300.00),
  ('PLUMBING', 'Установка пральної сушильної машини', 'Сантехприлади', 500.00),
  ('PLUMBING', 'Установка душового піддону готового', 'Сантехприлади', 1500.00),
  ('PLUMBING', 'Монтаж вентиляційної решітки', 'Сантехприлади', 1300.00),
  ('PLUMBING', 'Зняття і встановлення радіатора під час ремонту', 'Сантехприлади', 900.00),
  ('PLUMBING', 'Установка дверного доводчика', 'Сантехприлади', 300.00),
  ('TILING', 'Поклейка клейкої стрічки в кути', 'Підготовка', 438.00),
  ('TILING', 'Чистовий різ одна сторона', 'Різка', 438.00),
  ('TILING', 'Порізка великоформатного керамограніту 45 градусів', 'Різка', 414.00),
  ('TILING', 'Вирізка отворів в плитці', 'Різка', 242.00),
  ('TILING', 'Укладання плитки об''ємом менше 20м2', 'Укладання', 825.00),
  ('TILING', 'Укладання плитки на слой більше 1см', 'Укладання', 825.00),
  ('TILING', 'Укладання плитки 1500х750', 'Укладання', 825.00),
  ('TILING', 'Укладання плитки 1200х2500', 'Укладання', 825.00),
  ('TILING', 'Укладання плитки 1200х3000', 'Укладання', 825.00),
  ('TILING', 'Укладання декоративної плитки під цеглу камінь', 'Укладання', 825.00),
  ('TILING', 'Укладання плитки по діагоналі надбавка', 'Укладання', 825.00),
  ('TILING', 'Укладка плитки на сходи прямі без кута 45', 'Сходи', 1002.00),
  ('TILING', 'Укладка плитки на підступок прямі без кута 45', 'Сходи', 1002.00),
  ('TILING', 'Укладка плитки на сходи поворотні без кута 45', 'Сходи', 263.00),
  ('TILING', 'Укладка плитки на підступок поворотні без кута 45', 'Сходи', 263.00),
  ('TILING', 'Укладка плиткового фризу простого', 'Сходи', 221.00),
  ('TILING', 'Укладка плінтуса із плитки без затирання', 'Сходи', 263.00),
  ('TILING', 'Поклейка стрічки на шви', 'Затирка', 438.00),
  ('TILING', 'Затирка швів двокомпонентна сформовані кути', 'Затирка', 289.00),
  ('TILING', 'Затирка швів у декоративній плитці мозаїці', 'Затирка', 142.00),
  ('TILING', 'Затирка швів сухою сумішшю', 'Затирка', 142.00),
  ('TILING', 'Піддон з плитки з бортиком комплекс', 'Спецроботи', 1984.00),
  ('TILING', 'Піддон з плитки в рівень з підлогою комплекс', 'Спецроботи', 1984.00),
  ('TILING', 'Укладка плитки на душовий піддон конверт', 'Спецроботи', 1984.00),
  ('TILING', 'Установка люка-ревізії на магнітах', 'Спецроботи', 1984.00),
  ('TILING', 'Виготовлення та монтаж ревізійного люка з плитки', 'Спецроботи', 1984.00),
  ('TILING', 'Виготовлення поличок з плитки три сторони до 30см', 'Спецроботи', 1984.00),
  ('TILING', 'Виготовлення поличок з плитки чотири сторони до 30см', 'Спецроботи', 1984.00),
  ('TILING', 'Виготовлення поличок з плитки три сторони від 30см', 'Спецроботи', 1984.00),
  ('TILING', 'Виготовлення поличок з плитки чотири сторони від 30см', 'Спецроботи', 1984.00),
  ('TILING', 'Монтаж поличок з плитки', 'Спецроботи', 2667.00),
  ('TILING', 'Виготовлення та монтаж вбудованої витяжки', 'Спецроботи', 1984.00),
  ('TILING', 'Виготовлення та монтаж кнопки інсталяції з плитки', 'Спецроботи', 1984.00),
  ('TILING', 'Виготовлення раковини одинарної', 'Спецроботи', 1984.00),
  ('TILING', 'Виготовлення раковини подвійної', 'Спецроботи', 1984.00),
  ('TILING', 'Монтаж раковини з плитки', 'Спецроботи', 2667.00),
  ('TILING', 'Виготовлення та монтаж кріплення для раковини', 'Спецроботи', 1984.00),
  ('PAINTER', 'Звукоізоляція стін мінеральною ватою', 'Звукоізоляція', 60.00),
  ('PAINTER', 'Безкаркасна звукоізоляція стін', 'Звукоізоляція', 60.00),
  ('PAINTER', 'Безкаркасна звукоізоляція стелі', 'Звукоізоляція', 80.00),
  ('PAINTER', 'Каркасна звукоізоляція ГКЛ два слоя стін', 'Звукоізоляція', 60.00),
  ('PAINTER', 'Каркасна звукоізоляція ГКЛ два слоя стелі', 'Звукоізоляція', 80.00),
  ('PAINTER', 'Герметизація швів стиків герметиком', 'Звукоізоляція', 130.00),
  ('PAINTER', 'Штукатурка стін до 2см об''ємом до 50м2', 'Штукатурка', 280.00),
  ('PAINTER', 'Штукатурка стін від 2см об''ємом до 50м2', 'Штукатурка', 280.00),
  ('PAINTER', 'Штукатурка під стельовий профіль натяжна стеля', 'Штукатурка', 210.00),
  ('PAINTER', 'Шліфування стін після штукатурки не нами', 'Штукатурка', 60.00),
  ('PAINTER', 'Чищення бетонних плит підготовчі', 'Оздоблення', 200.00),
  ('PAINTER', 'Заробка стиків у бетоні', 'Оздоблення', 130.00),
  ('PAINTER', 'Заробка тріщин раковин шліфування', 'Оздоблення', 60.00),
  ('PAINTER', 'Грунтовка поверхонь перед шпаклівкою фарбуванням', 'Оздоблення', 50.00),
  ('PAINTER', 'Паробар''єр гідробар''єр', 'Оздоблення', 200.00),
  ('PAINTER', 'Стелі Грильято', 'Оздоблення', 80.00),
  ('PAINTER', 'Стеля Армстронг', 'Оздоблення', 170.00),
  ('PAINTER', 'Монтаж на стелю пластикової вагонки', 'Оздоблення', 80.00),
  ('PAINTER', 'Монтаж нашовної планки на стики вагонки', 'Вагонка', 120.00),
  ('PAINTER', 'Фарбування нашовної планки', 'Вагонка', 260.00),
  ('PAINTER', 'Обрешітка дерев''яною рейкою', 'Вагонка', 120.00),
  ('PAINTER', 'Обшивка ОСП фанерою', 'Вагонка', 200.00),
  ('PAINTER', 'Обшивка стелі шалівкою', 'Вагонка', 80.00),
  ('PAINTER', 'Укладання ламінату на стіну на обрешітку', 'Вагонка', 120.00),
  ('PAINTER', 'Поклейка ламінату на стіну', 'Вагонка', 120.00),
  ('PAINTER', 'Вирівнювання стін не нами за погодженням', 'Шпаклівка', 60.00),
  ('PAINTER', 'Дефектовка стін не нами за погодженням', 'Шпаклівка', 60.00),
  ('PAINTER', 'Ошкурення стін після шпаклівки не нами', 'Шпаклівка', 60.00),
  ('PAINTER', 'Виведення кутів без стельового багета шпаклівкою', 'Шпаклівка', 140.00),
  ('PAINTER', 'Виведення кутів пофарбуванням', 'Шпаклівка', 70.00),
  ('PAINTER', 'Шпаклівка коробів укосів ніш під фарбування', 'Шпаклівка', 260.00),
  ('PAINTER', 'Установка перфорованих кутів на укоси', 'Багети', 70.00),
  ('PAINTER', 'Вирівнювання пройми під підвіконня', 'Підвіконня', 130.00),
  ('PAINTER', 'Чистка підготовка віконної пройми під підвіконня', 'Підвіконня', 260.00),
  ('PAINTER', 'Заробка штроби під підвіконням', 'Підвіконня', 130.00),
  ('PAINTER', 'Монтаж віконного профіля з гумою', 'Підвіконня', 120.00),
  ('PAINTER', 'Герметизація швів стиків акрилом мастикою', 'Підвіконня', 130.00),
  ('PAINTER', 'Фарбування дверей', 'Двері', 300.00),
  ('PAINTER', 'Опуск дверної пройми', 'Двері', 500.00),
  ('PAINTER', 'Установка люка з драбиною на горище', 'Двері', 500.00),
  ('PAINTER', 'Фарбування труб газової опалення', 'Двері', 85.00),
  ('PAINTER', 'Монтаж 3Д панелей', 'Двері', 80.00),
  ('DRYWALL', 'Монтаж на висоті більше 3м надбавка', 'Підготовка', 345.00),
  ('DRYWALL', 'Монтаж профілю тіньового шва по периметру стелі', 'Стелі', 400.00),
  ('DRYWALL', 'Монтаж радіусної перегородки ГКЛ в 1 шар', 'Перегородки', 240.00),
  ('DRYWALL', 'Монтаж радіусної перегородки ГКЛ в 2 шари', 'Перегородки', 240.00),
  ('DRYWALL', 'Монтаж укосів із гіпсокартону', 'Інше', 230.00),
  ('DRYWALL', 'Вирізка отворів в гіпсокартоні', 'Інше', 900.00),
  ('DRYWALL', 'Заробка стиків у гіпсокартоні поклейка серпянки', 'Інше', 363.00),
  ('DRYWALL', 'Обшивка інсталяції в т.ч. отвори', 'Інше', 900.00),
  ('DRYWALL', 'Монтаж екрану ванни з підступком', 'Інше', 900.00),
  ('DRYWALL', 'Армування кладки сіткою арматурою', 'Кладка', 363.00),
  ('DRYWALL', 'Кладка цегляної підстави під ванну', 'Кладка', 900.00),
  ('FLOORING', 'Шліфування бетону стяжки', 'Стяжка', 192.00),
  ('FLOORING', 'Підготовка поверхні очищення', 'Стяжка', 246.00),
  ('FLOORING', 'Плівкова ізоляція під стяжку', 'Стяжка', 134.00),
  ('FLOORING', 'Монтаж утеплювача під стяжку', 'Стяжка', 302.00),
  ('FLOORING', 'Штроблення в стяжці під монтаж перегородок', 'Стяжка', 231.00),
  ('FLOORING', 'Заливаня штроби в стяжці', 'Стяжка', 212.00),
  ('FLOORING', 'Чистка підлоги порохотягом підготовка', 'Підлога', 421.00),
  ('FLOORING', 'Грунтовка підлоги підготовчі роботи', 'Підлога', 421.00),
  ('FLOORING', 'Підрізка ламінату защільнення', 'Підлога', 212.00),
  ('FLOORING', 'Монтаж пробкового компенсатора', 'Плінтус', 231.00),
  ('FLOORING', 'Монтаж плінтуса прихованого монтажу', 'Плінтус', 226.00),
  ('FLOORING', 'Монтаж та виготовлення ніші під плінтус прихованого', 'Плінтус', 231.00),
  ('FLOORING', 'Монтаж плінтуса з полістиролу', 'Плінтус', 226.00),
  ('FLOORING', 'Нанесення лаку тонера на підлогу', 'Плінтус', 59.00),
  ('FLOORING', 'Приклеювання стиків порожків герметизація', 'Плінтус', 212.00),
  ('DEMOLITION', 'Вирізка прорізу в цегляній стіні', 'Демонтаж стін', 263.00),
  ('DEMOLITION', 'Розширення дверного прорізу', 'Демонтаж стін', 225.00),
  ('DEMOLITION', 'Демонтаж натяжної стелі', 'Демонтаж стелі', 100.00),
  ('DEMOLITION', 'Демонтаж електрощита', 'Демонтаж електрики', 200.00),
  ('DEMOLITION', 'Вантаження сміття в авто', 'Сміття', 950.00),
  ('DEMOLITION', 'Підйом будматеріалів на поверх', 'Сміття', 263.00),
  ('ELECTRICAL', 'Монтаж ТВ-кабелю', 'Слаботочка', 210.00),
  ('ELECTRICAL', 'Установка слаботочного щита', 'Слаботочка', 400.00),
  ('ELECTRICAL', 'Налаштування Wi-Fi роутера точки доступу', 'Слаботочка', 200.00),
  ('PLUMBING', 'Опломбування лічильника води', 'Лічильники', 500.00),
  ('PAINTER', 'Розшивка та заробка тріщин', 'Підготовка', 130.00),
  ('BUILDER', 'Розчищення території від чагарників', 'Земляні', 180.00),
  ('BUILDER', 'Спил дерева', 'Земляні', 1350.00),
  ('BUILDER', 'Викорчовування пнів', 'Земляні', 1350.00)
) AS v(trade, name, category, price)
WHERE ct.trade = v.trade AND ct.name = v.name AND ct.category = v.category
  AND ct.suggested_price = 0;

-- 2. NEW POSITIONS (added_in_version = 2) ------------------------------------
INSERT INTO catalog_templates (id, trade, category, name, type, unit, suggested_price, added_in_version) VALUES
(gen_random_uuid(), 'TILING', 'Укладка', 'Укладання плитки на сходи радіусні', 'WORK', 'LINEAR_METER', 1331.00, 2),
(gen_random_uuid(), 'TILING', 'Укладка', 'Монтаж капіносів сходів', 'WORK', 'LINEAR_METER', 828.00, 2),
(gen_random_uuid(), 'TILING', 'Укладка', 'Укладання керамограніту від 15 мм', 'WORK', 'M2', 1247.00, 2),
(gen_random_uuid(), 'TILING', 'Укладка', 'Облицювання плиткою короба', 'WORK', 'LINEAR_METER', 908.00, 2),
(gen_random_uuid(), 'TILING', 'Затирка', 'Затирка швів герметична', 'WORK', 'LINEAR_METER', 202.00, 2),
(gen_random_uuid(), 'TILING', 'Декор', 'Декоративна гіпсова плитка', 'WORK', 'M2', 1003.00, 2),
(gen_random_uuid(), 'TILING', 'Декор', 'Поклейка гіпсової цеглинки', 'WORK', 'M2', 974.00, 2),
(gen_random_uuid(), 'PAINTER', 'Декоративна штукатурка', 'Венеціанська штукатурка', 'WORK', 'M2', 400.00, 2),
(gen_random_uuid(), 'PAINTER', 'Декоративна штукатурка', 'Штукатурка Марморіно', 'WORK', 'M2', 500.00, 2),
(gen_random_uuid(), 'PAINTER', 'Декоративна штукатурка', 'Штукатурка Марсельський віск', 'WORK', 'M2', 500.00, 2),
(gen_random_uuid(), 'PAINTER', 'Декоративна штукатурка', 'Мармурова крихта', 'WORK', 'M2', 300.00, 2),
(gen_random_uuid(), 'PAINTER', 'Декоративна штукатурка', 'Штукатурка з ефектом бетону', 'WORK', 'M2', 400.00, 2),
(gen_random_uuid(), 'PAINTER', 'Штукатурка', 'Машинна штукатурка стін', 'WORK', 'M2', 280.00, 2),
(gen_random_uuid(), 'PAINTER', 'Штукатурка', 'Машинна штукатурка стель', 'WORK', 'M2', 300.00, 2),
(gen_random_uuid(), 'PAINTER', 'Стелі', 'Натяжна стеля', 'WORK', 'M2', 340.00, 2),
(gen_random_uuid(), 'PAINTER', 'Стелі', 'Підвісна стеля Армстронг', 'WORK', 'M2', 170.00, 2),
(gen_random_uuid(), 'PAINTER', 'Шпалери', 'Нанесення рідких шпалер', 'WORK', 'M2', 180.00, 2),
(gen_random_uuid(), 'DRYWALL', 'Конструкції', 'Монтаж напівкруглої конструкції ГКЛ', 'WORK', 'M2', 450.00, 2),
(gen_random_uuid(), 'DRYWALL', 'Стелі', 'Облаштування ніші ГКЛ з підсвічуванням', 'WORK', 'LINEAR_METER', 400.00, 2),
(gen_random_uuid(), 'DRYWALL', 'Стелі', 'Монтаж треків прихованого карниза', 'WORK', 'LINEAR_METER', 1400.00, 2),
(gen_random_uuid(), 'DRYWALL', 'Підготовка', 'Утеплення ГКЛ стіродуром', 'WORK', 'M2', 100.00, 2),
(gen_random_uuid(), 'DRYWALL', 'Короби', 'Радіусний короб ГКЛ по периметру', 'WORK', 'LINEAR_METER', 400.00, 2),
(gen_random_uuid(), 'FLOORING', 'Стяжка', 'Наливна підлога самовирівнююча', 'WORK', 'M2', 279.00, 2),
(gen_random_uuid(), 'FLOORING', 'Стяжка', 'Стяжка з керамзитом', 'WORK', 'M2', 421.00, 2),
(gen_random_uuid(), 'FLOORING', 'Стяжка', 'Машинна стяжка самовирівнююча', 'WORK', 'M2', 301.00, 2),
(gen_random_uuid(), 'FLOORING', 'Підлога', 'Циклювання паркету з лакуванням', 'WORK', 'M2', 737.00, 2),
(gen_random_uuid(), 'FLOORING', 'Підлога', 'Брашування паркету', 'WORK', 'M2', 269.00, 2),
(gen_random_uuid(), 'FLOORING', 'Підлога', 'Укладання кварцвінілу', 'WORK', 'M2', 346.00, 2),
(gen_random_uuid(), 'FLOORING', 'Підлога', 'Художній паркет', 'WORK', 'M2', 1061.00, 2),
(gen_random_uuid(), 'FLOORING', 'Плінтус', 'Монтаж алюмінієвого плінтуса', 'WORK', 'LINEAR_METER', 312.00, 2),
(gen_random_uuid(), 'ELECTRICAL', 'Щит', 'Установка стабілізатора напруги', 'WORK', 'PIECE', 1000.00, 2),
(gen_random_uuid(), 'ELECTRICAL', 'Щит', 'Установка реле напруги', 'WORK', 'PIECE', 320.00, 2),
(gen_random_uuid(), 'ELECTRICAL', 'Щит', 'Монтаж та підключення ДБЖ', 'WORK', 'POINT', 8000.00, 2),
(gen_random_uuid(), 'ELECTRICAL', 'Слаботочка', 'Установка маршрутизатора комутатора', 'WORK', 'PIECE', 738.00, 2),
(gen_random_uuid(), 'ELECTRICAL', 'Слаботочка', 'Монтаж компʼютерної розетки RJ45', 'WORK', 'PIECE', 232.00, 2),
(gen_random_uuid(), 'ELECTRICAL', 'Слаботочка', 'Монтаж та установка домофона', 'WORK', 'PIECE', 800.00, 2),
(gen_random_uuid(), 'ELECTRICAL', 'Освітлення', 'Установка ландшафтних світильників', 'WORK', 'PIECE', 240.00, 2),
(gen_random_uuid(), 'ELECTRICAL', 'Освітлення', 'Монтаж трекового світильника', 'WORK', 'PIECE', 150.00, 2),
(gen_random_uuid(), 'PLUMBING', 'Котел', 'Установка конденсаційного котла', 'WORK', 'PIECE', 3000.00, 2),
(gen_random_uuid(), 'PLUMBING', 'Котел', 'Установка пелетного котла', 'WORK', 'PIECE', 10056.00, 2),
(gen_random_uuid(), 'PLUMBING', 'Котел', 'Установка електрокотла до 28 кВт', 'WORK', 'PIECE', 2500.00, 2),
(gen_random_uuid(), 'PLUMBING', 'Опалення', 'Монтаж гідрострілки опалення', 'WORK', 'PIECE', 1450.00, 2),
(gen_random_uuid(), 'PLUMBING', 'Опалення', 'Монтаж буферної ємності', 'WORK', 'PIECE', 5190.00, 2),
(gen_random_uuid(), 'PLUMBING', 'Опалення', 'Монтаж бойлера непрямого нагріву', 'WORK', 'PIECE', 2380.00, 2),
(gen_random_uuid(), 'PLUMBING', 'Водопостачання', 'Монтаж насосної станції', 'WORK', 'PIECE', 1700.00, 2),
(gen_random_uuid(), 'PLUMBING', 'Водопостачання', 'Монтаж фільтра осмос', 'WORK', 'PIECE', 850.00, 2),
(gen_random_uuid(), 'PLUMBING', 'Водопостачання', 'Установка УФ знезаражувача води', 'WORK', 'PIECE', 2532.00, 2),
(gen_random_uuid(), 'PLUMBING', 'Каналізація', 'Монтаж кухонного подрібнювача', 'WORK', 'PIECE', 900.00, 2),
(gen_random_uuid(), 'BUILDER', 'Покрівля', 'Облаштування ПВХ-мембрани покрівлі', 'WORK', 'M2', 145.00, 2),
(gen_random_uuid(), 'BUILDER', 'Покрівля', 'Укладання композитної черепиці', 'WORK', 'M2', 320.00, 2),
(gen_random_uuid(), 'BUILDER', 'Фасад', 'Вентильований фасад', 'WORK', 'M2', 850.00, 2),
(gen_random_uuid(), 'BUILDER', 'Гідроізоляція', 'Гідроізоляція полімочевиною', 'WORK', 'M2', 800.00, 2),
(gen_random_uuid(), 'BUILDER', 'Утеплення', 'Зовнішнє утеплення пінополіуретаном', 'WORK', 'M3', 11523.00, 2),
(gen_random_uuid(), 'BUILDER', 'Благоустрій', 'Укладання клінкерної бруківки', 'WORK', 'M2', 500.00, 2),
(gen_random_uuid(), 'BUILDER', 'Фасад', 'Облицювання фасаду клінкерною плиткою', 'WORK', 'M2', 650.00, 2),
(gen_random_uuid(), 'DEMOLITION', 'Демонтаж столярки', 'Демонтаж балконного блоку', 'WORK', 'PIECE', 1100.00, 2),
(gen_random_uuid(), 'DEMOLITION', 'Отвори', 'Розширення отвору під вхідні двері', 'WORK', 'PIECE', 1000.00, 2),
(gen_random_uuid(), 'DEMOLITION', 'Отвори', 'Отвір в бетоні до 10 см', 'WORK', 'M2', 1167.00, 2),
(gen_random_uuid(), 'DEMOLITION', 'Демонтаж стін', 'Демонтаж стінових панелей', 'WORK', 'M2', 80.00, 2),
(gen_random_uuid(), 'BUILDER', 'Стяжка', 'Армування підлоги сіткою під стяжку', 'WORK', 'M2', 130.00, 2),
(gen_random_uuid(), 'BUILDER', 'Стяжка', 'Цементно-піщана стяжка понад 20м2', 'WORK', 'M2', 400.00, 2),
(gen_random_uuid(), 'BUILDER', 'Стяжка', 'Вирівнювання підлоги самовирівнюючим розчином', 'WORK', 'M2', 300.00, 2);

-- 3. EXPANDED DEFAULT ESTIMATE TEMPLATES -------------------------------------
-- Read-only reference data (template items carry names+units, not FKs), so a
-- delete + re-insert of the is_default set never touches a master's own templates.
DELETE FROM estimate_templates WHERE is_default = TRUE;

INSERT INTO estimate_templates (id, owner_id, name, trade, is_default) VALUES
('8644d973-cbb0-4689-9706-f5ce106811be', NULL, 'Санвузол повний', 'TILING', TRUE),
('0741f310-ec0b-4489-9ed6-9cbb3df5a587', NULL, 'Ванна кімната', 'TILING', TRUE),
('7fa0c6a6-8127-4501-af4b-ca424ff7826e', NULL, 'Кухонний фартух', 'TILING', TRUE),
('a6b8f981-1771-4099-93b0-789618fdd21d', NULL, 'Підлога плитка', 'TILING', TRUE),
('3e1ce7f9-b94e-4425-a281-52f6d04378a5', NULL, 'Підлога великоформат', 'TILING', TRUE),
('67802b58-526d-4e89-9fec-c178dcf4b9eb', NULL, 'Душова з піддоном', 'TILING', TRUE),
('c9ad44e8-6227-452d-a7c1-43f66905dfde', NULL, 'Мозаїка декор', 'TILING', TRUE),
('8630ec78-a838-44ad-b53f-14bc05617aee', NULL, 'Сходи плитка', 'TILING', TRUE),
('cc4456a9-0a35-4ced-bef5-cd5df131fe3c', NULL, 'Тераса балкон плитка', 'TILING', TRUE),
('0adfb52b-77a3-46af-8ea2-8d7edafd37a4', NULL, 'Клінкер стіна', 'TILING', TRUE),
('292f9f1d-5af2-45d5-beb8-207075ee912e', NULL, 'Полички ніші з плитки', 'TILING', TRUE),
('b28b1bd3-df82-49c9-a4e7-839f54d764a9', NULL, 'Фартух керамограніт', 'TILING', TRUE),
('263e17da-5d8b-4ebe-912f-f2a2f39b6e01', NULL, 'Декоративна цегла камінь', 'TILING', TRUE),
('ea1efa1e-ccb4-4170-8041-96ae56a124b7', NULL, 'Санвузол сантехніка повна', 'PLUMBING', TRUE),
('1d01a2d1-2829-4011-83f8-0240fd7e4cde', NULL, 'Розводка води чорнова', 'PLUMBING', TRUE),
('0838c70e-0fac-4f31-a3f4-584689592234', NULL, 'Розводка каналізації', 'PLUMBING', TRUE),
('f001b0ff-ff90-41b8-8176-131bb650ef26', NULL, 'Опалення радіатори', 'PLUMBING', TRUE),
('aaa4f0cf-c949-4641-a3a6-d2b75b82d290', NULL, 'Котельня', 'PLUMBING', TRUE),
('8ae99be9-cb54-450e-8234-a4ed443bfce0', NULL, 'Тепла підлога водяна', 'PLUMBING', TRUE),
('e76eca2c-fc44-4eaf-8d5b-cf1066a0a97a', NULL, 'Заміна стояків', 'PLUMBING', TRUE),
('f9d072a3-7e3e-4fab-8d98-02884dd2434f', NULL, 'Ванна душ комплект', 'PLUMBING', TRUE),
('a5984e71-d689-45a4-b594-3c87a3bfee1d', NULL, 'Душова кабіна', 'PLUMBING', TRUE),
('7fb1385d-650b-46f8-92ba-be95536ec269', NULL, 'Унітаз інсталяція', 'PLUMBING', TRUE),
('93969345-7b98-4cf7-a952-fe75176850f0', NULL, 'Бойлер фільтри', 'PLUMBING', TRUE),
('890783ea-d15b-43cc-b279-5fdd44ac4f77', NULL, 'Підключення техніки', 'PLUMBING', TRUE),
('215d1e3c-9139-4d13-bb9f-0ee2eba3ffe4', NULL, 'Котельня під ключ преміум', 'PLUMBING', TRUE),
('9e901d99-d0e1-46f4-851b-17979cbef6da', NULL, 'Очищення води під ключ', 'PLUMBING', TRUE),
('762b3c29-0f5c-4d37-85f3-83dc3a6ec754', NULL, 'Електрика квартири чорнова', 'ELECTRICAL', TRUE),
('69e2f038-da1e-4f62-97da-5204a109b928', NULL, 'Електрощит збірка', 'ELECTRICAL', TRUE),
('ba16c8fb-ec26-48ba-acd1-e6bef74f33a3', NULL, 'Розетки вимикачі чистова', 'ELECTRICAL', TRUE),
('3890358d-3d96-44f6-b887-954fae7d91f4', NULL, 'Освітлення квартири', 'ELECTRICAL', TRUE),
('3f094c3e-cef9-40ca-b305-812917471aa5', NULL, 'Тепла підлога електрична', 'ELECTRICAL', TRUE),
('27091267-33e1-43b2-8be9-5095971d1d93', NULL, 'Заземлення', 'ELECTRICAL', TRUE),
('1d309ca2-6871-4a4b-9078-3c78aad04110', NULL, 'Слаботочка інтернет ТВ', 'ELECTRICAL', TRUE),
('84c1cef5-32ce-4abe-9bd0-ce58e62946f8', NULL, 'Кухня електрика', 'ELECTRICAL', TRUE),
('2ce8f508-55ce-458c-8b7d-6e51073336f0', NULL, 'Світлодіодне підсвічування', 'ELECTRICAL', TRUE),
('975a3bb2-5fb5-4d5f-a0b4-e5bf8b4f2b0e', NULL, 'Домофон дзвінок', 'ELECTRICAL', TRUE),
('e6d26499-8c3c-41f2-9d5d-af1e68b65d6f', NULL, 'Прокладка кабелю траса', 'ELECTRICAL', TRUE),
('f9de4d38-35ab-4c47-a27e-8167a8c0fec6', NULL, 'Розумний дім датчики', 'ELECTRICAL', TRUE),
('6bc9cf59-feca-46be-a5b9-ae9d00d6aaa2', NULL, 'Резервне живлення ДБЖ', 'ELECTRICAL', TRUE),
('2d69cc65-ae8d-4ba2-a7fc-40cbc510ac02', NULL, 'Зовнішнє освітлення ділянки', 'ELECTRICAL', TRUE),
('18eec5f1-057f-4d3c-92e5-deeed8befbb7', NULL, 'Стіни під фарбування', 'PAINTER', TRUE),
('bc155fc2-5d13-4a9e-b63f-6f0c326227b8', NULL, 'Стіни під шпалери', 'PAINTER', TRUE),
('80c7ad61-9c7a-4a4e-becd-555f1f611d4a', NULL, 'Стеля під фарбування', 'PAINTER', TRUE),
('041188e3-e468-4068-96b4-1feb58f470b8', NULL, 'Штукатурка стін механізована', 'PAINTER', TRUE),
('d40a7541-0221-43e1-910a-28d9c33e4f83', NULL, 'Декоративна штукатурка', 'PAINTER', TRUE),
('09a096bb-19b2-4d05-88a8-2cf3031b0902', NULL, 'Шпаклівка фінішна', 'PAINTER', TRUE),
('4564b4f9-0cc1-452a-b6ae-63431e008fd7', NULL, 'Багети молдінги', 'PAINTER', TRUE),
('ccf45f6b-2cdb-43cc-8763-a12eb8f2ff47', NULL, 'Кімната під ключ малярка', 'PAINTER', TRUE),
('e56d46d2-78ba-4cdf-8c5e-777a39ffca50', NULL, 'Укоси вікон', 'PAINTER', TRUE),
('ccf7a529-a24e-4376-8ce5-9807f27d4eb6', NULL, 'Вагонка дерев''яна', 'PAINTER', TRUE),
('06bee236-c411-413e-98b3-7d0bd2bb7d77', NULL, 'Фотошпалери акцент', 'PAINTER', TRUE),
('0abc222e-e934-4b07-95a4-3aeea8355f38', NULL, 'Звукоізоляція стін', 'PAINTER', TRUE),
('b6dacecc-1dfe-4436-955c-c2878953f8de', NULL, 'Венеціанська штукатурка декор', 'PAINTER', TRUE),
('e90b24d6-2a5e-40c9-9cb1-362e0bc93068', NULL, 'Стеля натяжна під ключ', 'PAINTER', TRUE),
('6f219e8a-f9a8-41d2-a4be-4c9ba5c5c6b0', NULL, 'Стеля ГКЛ рівна', 'DRYWALL', TRUE),
('36f6a44f-5834-49da-84d5-cb92197fb983', NULL, 'Стеля ГКЛ з коробом', 'DRYWALL', TRUE),
('51595e31-c869-481d-8d65-8372a0e7c037', NULL, 'Стеля багаторівнева', 'DRYWALL', TRUE),
('ae702162-adbb-4bae-9c8b-90bf932e8aae', NULL, 'Перегородка ГКЛ', 'DRYWALL', TRUE),
('21eba7a2-50af-46bf-bd6e-d5ccbaf2059b', NULL, 'Перегородка ГКЛ посилена', 'DRYWALL', TRUE),
('0c4ed211-0459-4cde-8051-c76622d2a0a6', NULL, 'Вирівнювання стін ГКЛ', 'DRYWALL', TRUE),
('21fa0007-4bef-4f52-ac8e-d0fe0eb2b178', NULL, 'Ніша короб комунікації', 'DRYWALL', TRUE),
('1aafab55-8994-49a2-a12d-72e6a694a58b', NULL, 'Радіусна перегородка', 'DRYWALL', TRUE),
('0e47006f-2a9b-4b4b-830f-fb1fe4008951', NULL, 'Короб під ванну', 'DRYWALL', TRUE),
('ce70f9b0-5f0a-4426-bce5-28edc2d7b40f', NULL, 'Тіньовий шов стеля', 'DRYWALL', TRUE),
('6edb2e04-30af-4979-a78d-437206bff9be', NULL, 'Ніша ГКЛ з підсвічуванням', 'DRYWALL', TRUE),
('0f5085e9-d7e0-45cf-aa39-4e7f133facd9', NULL, 'Стяжка цементна', 'FLOORING', TRUE),
('f7fa1ffc-4b6d-49e7-9666-88970ad33622', NULL, 'Наливна підлога', 'FLOORING', TRUE),
('3562e795-227a-462b-8469-17464dcc7557', NULL, 'Ламінат укладання', 'FLOORING', TRUE),
('bdd2daed-a532-4e3e-8983-f112a08ea300', NULL, 'Ламінат по діагоналі', 'FLOORING', TRUE),
('172d28b2-c32f-46e8-be10-049a3d0bd95a', NULL, 'Кварцвініл', 'FLOORING', TRUE),
('75d0afdd-5bce-48df-abfc-5477729ecfcd', NULL, 'Лінолеум ковролін', 'FLOORING', TRUE),
('a824c022-60c8-40a5-a73d-743950c7147d', NULL, 'Стяжка з утепленням', 'FLOORING', TRUE),
('f83ca245-7e2d-4f12-99c7-61c95c28a96a', NULL, 'Дерев''яна підлога', 'FLOORING', TRUE),
('b6642d18-59c2-4a86-a5ca-1d4455534676', NULL, 'Тераса дошка', 'FLOORING', TRUE),
('631b7baf-c4cd-4d46-a920-af76f68fa092', NULL, 'Плінтуси фініш', 'FLOORING', TRUE),
('e0d6a86e-20be-4756-ba1d-ce4a132e0816', NULL, 'Циклювання паркету', 'FLOORING', TRUE),
('0162f1f1-1718-4c32-bef6-5df0af937046', NULL, 'Машинна стяжка', 'FLOORING', TRUE),
('29c26d02-9be8-48d4-b4d1-0a02f6f84c9f', NULL, 'Фундамент стрічковий', 'BUILDER', TRUE),
('b715fe12-ae91-4232-964f-27e9dfeb1bc0', NULL, 'Кладка газоблок', 'BUILDER', TRUE),
('03acb9cc-91f5-4049-96cc-18910ae714da', NULL, 'Кладка цегла', 'BUILDER', TRUE),
('6334cbf9-d8e9-4659-b3c4-c8149de39264', NULL, 'Перегородки', 'BUILDER', TRUE),
('458b1d19-552a-42e6-a5a4-eaa0576235b8', NULL, 'Покрівля двоскатна', 'BUILDER', TRUE),
('3d24c4c1-7e9b-4b87-8c70-c3b6d0633c23', NULL, 'Утеплення фасаду', 'BUILDER', TRUE),
('ae35c875-8fcc-4257-910b-3ee85d6e6acc', NULL, 'Тротуарна плитка', 'BUILDER', TRUE),
('2447e7f3-15dc-4226-aed8-5d1895129966', NULL, 'Паркан профнастил', 'BUILDER', TRUE),
('ff38511d-5d8e-4e15-9280-9cfa149982c9', NULL, 'Доріжки бетон', 'BUILDER', TRUE),
('02baab1b-27b1-4d33-8da8-48d98a3b8d31', NULL, 'Стяжка будівельна', 'BUILDER', TRUE),
('26f3aa88-b56e-4761-930e-4c47b57b0f28', NULL, 'Навіс', 'BUILDER', TRUE),
('f8d5859a-bf58-4a66-afc5-0ca1cfe30187', NULL, 'Сходи бетонні', 'BUILDER', TRUE),
('2bf9c072-f238-4417-b006-b81352a4272c', NULL, 'Покрівля плоска ПВХ-мембрана', 'BUILDER', TRUE),
('c1a3a50b-3237-44c6-afed-1e3cd54d449b', NULL, 'Вентильований фасад', 'BUILDER', TRUE),
('ff2594c1-da74-4cad-b062-9aee970ce56e', NULL, 'Демонтаж санвузла', 'DEMOLITION', TRUE),
('c30950eb-a0de-402d-93c0-68d5dfa4da24', NULL, 'Демонтаж кухні', 'DEMOLITION', TRUE),
('baefbcb3-093f-45e5-b528-e4700a25e08a', NULL, 'Демонтаж стін перегородок', 'DEMOLITION', TRUE),
('3024d1fa-b898-4347-b986-16456a2029d4', NULL, 'Демонтаж підлоги', 'DEMOLITION', TRUE),
('783291c5-120a-4739-be9b-b680938eeacf', NULL, 'Демонтаж стелі', 'DEMOLITION', TRUE),
('f39a57b9-4128-4bb5-a836-5542d95a670e', NULL, 'Зачистка стін', 'DEMOLITION', TRUE),
('0edfcc16-84c6-489e-a3ae-5223326a84e5', NULL, 'Демонтаж столярки', 'DEMOLITION', TRUE),
('2f366e28-e200-44d3-8fa2-2ad129117cce', NULL, 'Повна підготовка під ремонт', 'DEMOLITION', TRUE),
('7495e1b7-3c5d-4d4c-86f5-ba0334ee223b', NULL, 'Демонтаж балкона', 'DEMOLITION', TRUE),
('52ec39b9-d228-4377-9626-d83a1b24288a', NULL, 'Демонтаж електрики та сантехніки', 'DEMOLITION', TRUE);

INSERT INTO estimate_template_items (id, template_id, name, type, unit, sort_order) VALUES
('713a7b3c-a04a-42b7-8d94-d41439770ab9', '8644d973-cbb0-4689-9706-f5ce106811be', 'Грунтовка поверхонь бетоноконтактом', 'WORK', 'M2', 0),
('cbab083a-750b-4e6f-b79d-f73e2b532261', '8644d973-cbb0-4689-9706-f5ce106811be', 'Гідроізоляція підлоги стін в санвузлі мастика', 'WORK', 'M2', 1),
('79d7217d-7b17-4343-b6d1-56747a603546', '8644d973-cbb0-4689-9706-f5ce106811be', 'Монтаж гідроізоляційної стрічки', 'WORK', 'LINEAR_METER', 2),
('f4d0253b-3afe-4865-8f4d-7bd7e88ffe2d', '8644d973-cbb0-4689-9706-f5ce106811be', 'Укладання плитки керамічної', 'WORK', 'M2', 3),
('6c06f286-ff92-4ee2-b54c-3e386e6128a6', '8644d973-cbb0-4689-9706-f5ce106811be', 'Чистовий різ одна сторона', 'WORK', 'LINEAR_METER', 4),
('e7480f81-9e0c-4b93-b0f3-137c08dd6566', '8644d973-cbb0-4689-9706-f5ce106811be', 'Порізка плитки під кутом 45 градусів', 'WORK', 'LINEAR_METER', 5),
('bef9b8ff-0935-4e16-8e1a-3e9ca36af52a', '8644d973-cbb0-4689-9706-f5ce106811be', 'Установка люка-ревізії на магнітах', 'WORK', 'PIECE', 6),
('a241ad4c-511b-4c3b-91df-6dccbd39f366', '8644d973-cbb0-4689-9706-f5ce106811be', 'Затирка швів проста', 'WORK', 'M2', 7),
('00538bdf-55ca-434e-b76d-dcebaebb06e4', '8644d973-cbb0-4689-9706-f5ce106811be', 'Формування кута епоксидною затиркою', 'WORK', 'LINEAR_METER', 8),
('d998dc3c-1cb6-479f-b7a9-c7df96f643c5', '0741f310-ec0b-4489-9ed6-9cbb3df5a587', 'Грунтовка поверхонь проста', 'WORK', 'M2', 0),
('3aed4414-f520-4ebd-881d-ebd9f121a568', '0741f310-ec0b-4489-9ed6-9cbb3df5a587', 'Гідроізоляція підлоги стін в санвузлі мастика', 'WORK', 'M2', 1),
('e2449305-399e-4594-b376-73dad8389c2f', '0741f310-ec0b-4489-9ed6-9cbb3df5a587', 'Монтаж гідроізоляційної стрічки', 'WORK', 'LINEAR_METER', 2),
('b5562014-4c18-43d9-9335-3b1e999ec605', '0741f310-ec0b-4489-9ed6-9cbb3df5a587', 'Укладання плитки керамічної', 'WORK', 'M2', 3),
('0e10f713-13ee-4418-8cf6-53f0f82790ac', '0741f310-ec0b-4489-9ed6-9cbb3df5a587', 'Чистовий різ одна сторона', 'WORK', 'LINEAR_METER', 4),
('0593e0cd-d43d-41a8-9cad-30c0e87d1c72', '0741f310-ec0b-4489-9ed6-9cbb3df5a587', 'Порізка плитки під кутом 45 градусів', 'WORK', 'LINEAR_METER', 5),
('01ae6004-4412-4f77-8ca2-048032eedc12', '0741f310-ec0b-4489-9ed6-9cbb3df5a587', 'Затирка швів проста', 'WORK', 'M2', 6),
('fea087fe-41f9-4d1b-89cd-f9c18db8ae0f', '0741f310-ec0b-4489-9ed6-9cbb3df5a587', 'Затирка швів герметиком', 'WORK', 'LINEAR_METER', 7),
('6647f836-afd6-4802-ba95-d9cf59872606', '7fa0c6a6-8127-4501-af4b-ca424ff7826e', 'Грунтовка поверхонь бетоноконтактом', 'WORK', 'M2', 0),
('6a85f711-70e2-4171-902e-87dfe5344f86', '7fa0c6a6-8127-4501-af4b-ca424ff7826e', 'Укладання плитки кабанчик', 'WORK', 'M2', 1),
('79142e81-81cc-4995-82e8-017d332a5ca7', '7fa0c6a6-8127-4501-af4b-ca424ff7826e', 'Чистовий різ одна сторона', 'WORK', 'LINEAR_METER', 2),
('c2a726da-f706-4d9b-b2d3-90140c45b4b1', '7fa0c6a6-8127-4501-af4b-ca424ff7826e', 'Порізка плитки під кутом 45 градусів', 'WORK', 'LINEAR_METER', 3),
('a18a6e4b-0877-4f37-a3d9-137a1d97d491', '7fa0c6a6-8127-4501-af4b-ca424ff7826e', 'Затирка швів двокомпонентною затиркою', 'WORK', 'M2', 4),
('8e90fe07-9063-4d6f-b322-b0afad7b7842', '7fa0c6a6-8127-4501-af4b-ca424ff7826e', 'Формування кута епоксидною затиркою', 'WORK', 'LINEAR_METER', 5),
('45b10431-6218-4592-814d-ffc99b1b7c72', 'a6b8f981-1771-4099-93b0-789618fdd21d', 'Грунтовка поверхонь проста', 'WORK', 'M2', 0),
('589d29d0-8950-42da-b9be-399c34ceff47', 'a6b8f981-1771-4099-93b0-789618fdd21d', 'Укладання плитки 600х600', 'WORK', 'M2', 1),
('6e62a29f-99c2-4570-b00e-430454241dd1', 'a6b8f981-1771-4099-93b0-789618fdd21d', 'Чистовий різ одна сторона', 'WORK', 'LINEAR_METER', 2),
('5f4dbd1f-b76f-4258-9e94-753f30c03072', 'a6b8f981-1771-4099-93b0-789618fdd21d', 'Затирка швів проста', 'WORK', 'M2', 3),
('c6f005d3-1749-444c-a05d-eac26b9b6c26', '3e1ce7f9-b94e-4425-a281-52f6d04378a5', 'Грунтовка поверхонь бетоноконтактом', 'WORK', 'M2', 0),
('71d60143-c5cb-42ff-ba70-3aeab05f74ac', '3e1ce7f9-b94e-4425-a281-52f6d04378a5', 'Укладання керамограніту від 15 мм', 'WORK', 'M2', 1),
('5c61bcfa-7d25-46a5-a7f0-3fc9e0995f82', '3e1ce7f9-b94e-4425-a281-52f6d04378a5', 'Укладання плитки 1200х600', 'WORK', 'M2', 2),
('c2ca7aa1-62a2-4062-9a2b-90a46765c041', '3e1ce7f9-b94e-4425-a281-52f6d04378a5', 'Порізка великоформатного керамограніту 45 градусів', 'WORK', 'LINEAR_METER', 3),
('505159fc-c9f4-464c-b78e-bebd14234e37', '3e1ce7f9-b94e-4425-a281-52f6d04378a5', 'Чистовий різ одна сторона', 'WORK', 'LINEAR_METER', 4),
('a1fd0ea9-759f-4388-95dd-1e7925c697da', '3e1ce7f9-b94e-4425-a281-52f6d04378a5', 'Затирка швів двокомпонентною затиркою', 'WORK', 'M2', 5),
('74ca261b-d284-4a4b-8510-c1d978edbd53', '67802b58-526d-4e89-9fec-c178dcf4b9eb', 'Грунтовка поверхонь бетоноконтактом', 'WORK', 'M2', 0),
('67906368-191b-432a-9757-773706ab4b31', '67802b58-526d-4e89-9fec-c178dcf4b9eb', 'Гідроізоляція підлоги стін в санвузлі мастика', 'WORK', 'M2', 1),
('e6d0eae2-355a-4370-952e-72b89328489d', '67802b58-526d-4e89-9fec-c178dcf4b9eb', 'Монтаж гідроізоляційної стрічки', 'WORK', 'LINEAR_METER', 2),
('74d30f73-503a-44b8-baa1-0de09f966f9c', '67802b58-526d-4e89-9fec-c178dcf4b9eb', 'Виготовлення душового піддону комплекс', 'WORK', 'PIECE', 3),
('ac05c231-b1d3-46fc-baec-d59233b59ef8', '67802b58-526d-4e89-9fec-c178dcf4b9eb', 'Укладка плитки на душовий піддон конверт', 'WORK', 'PIECE', 4),
('47621be3-836d-4b08-8104-f24039f9d43e', '67802b58-526d-4e89-9fec-c178dcf4b9eb', 'Укладання плитки керамічної', 'WORK', 'M2', 5),
('d4181e23-b955-4a3d-a887-e6691df3b10b', '67802b58-526d-4e89-9fec-c178dcf4b9eb', 'Порізка плитки під кутом 45 градусів', 'WORK', 'LINEAR_METER', 6),
('48f244f0-1339-4b24-ae83-60484668cbf0', '67802b58-526d-4e89-9fec-c178dcf4b9eb', 'Виготовлення поличок з плитки три сторони до 30см', 'WORK', 'PIECE', 7),
('bb1e66cc-68b9-4f53-aa97-2f63a71442e5', '67802b58-526d-4e89-9fec-c178dcf4b9eb', 'Затирка швів герметиком', 'WORK', 'LINEAR_METER', 8),
('5a6214b0-56a7-43f2-a2a5-03c39eb1e115', '67802b58-526d-4e89-9fec-c178dcf4b9eb', 'Формування кута епоксидною затиркою', 'WORK', 'LINEAR_METER', 9),
('2fa5ddeb-aa4f-4ed2-beca-e1613e9b337d', 'c9ad44e8-6227-452d-a7c1-43f66905dfde', 'Грунтовка поверхонь бетоноконтактом', 'WORK', 'M2', 0),
('20e787de-4308-460c-9a96-489330e991bd', 'c9ad44e8-6227-452d-a7c1-43f66905dfde', 'Укладання мозаїки', 'WORK', 'M2', 1),
('d48c916a-1a8e-4dc3-aa63-714d315d6a14', 'c9ad44e8-6227-452d-a7c1-43f66905dfde', 'Затирка швів у декоративній плитці мозаїці', 'WORK', 'M2', 2),
('ff06f3d6-0dd0-40c7-a311-0f9b697f9ccf', 'c9ad44e8-6227-452d-a7c1-43f66905dfde', 'Формування кута епоксидною затиркою', 'WORK', 'LINEAR_METER', 3),
('f534244b-f2c1-4ebe-bc56-037eed4b4d23', '8630ec78-a838-44ad-b53f-14bc05617aee', 'Грунтовка поверхонь бетоноконтактом', 'WORK', 'M2', 0),
('3d06e675-8611-4a00-9e0f-0967d9c3a88f', '8630ec78-a838-44ad-b53f-14bc05617aee', 'Укладка плитки на сходи прямі без кута 45', 'WORK', 'LINEAR_METER', 1),
('200aa4ed-739a-4e3c-aea2-e1b909809bcb', '8630ec78-a838-44ad-b53f-14bc05617aee', 'Укладка плитки на підступок прямі без кута 45', 'WORK', 'LINEAR_METER', 2),
('6fe4625b-0f2e-430e-aa94-23b186881556', '8630ec78-a838-44ad-b53f-14bc05617aee', 'Монтаж капіносів сходів', 'WORK', 'LINEAR_METER', 3),
('5fcee678-875c-4c33-bcaa-b0464baf7f45', '8630ec78-a838-44ad-b53f-14bc05617aee', 'Затирка швів проста', 'WORK', 'M2', 4),
('0ec38b7c-ea9a-4413-96e9-28696a08e5f6', 'cc4456a9-0a35-4ced-bef5-cd5df131fe3c', 'Грунтовка поверхонь бетоноконтактом', 'WORK', 'M2', 0),
('d3588c4b-f269-407f-a617-7097f1bcf5c1', 'cc4456a9-0a35-4ced-bef5-cd5df131fe3c', 'Гідроізоляція підлоги стін в санвузлі мастика', 'WORK', 'M2', 1),
('80ab7974-7629-44e1-acba-d7bb6c6e425d', 'cc4456a9-0a35-4ced-bef5-cd5df131fe3c', 'Укладання керамограніту від 15 мм', 'WORK', 'M2', 2),
('424a6c77-f71a-4a95-a035-4e9ca3fe20e9', 'cc4456a9-0a35-4ced-bef5-cd5df131fe3c', 'Укладання плитки керамічної', 'WORK', 'M2', 3),
('fb9a61c5-8020-4475-8a30-6210de1af7dc', 'cc4456a9-0a35-4ced-bef5-cd5df131fe3c', 'Чистовий різ одна сторона', 'WORK', 'LINEAR_METER', 4),
('44afdb7f-798a-4551-9442-ae8f7acdb4fd', 'cc4456a9-0a35-4ced-bef5-cd5df131fe3c', 'Затирка швів двокомпонентною затиркою', 'WORK', 'M2', 5),
('ae870b1d-f886-461e-a309-b8c9b9bcd6fb', '0adfb52b-77a3-46af-8ea2-8d7edafd37a4', 'Грунтовка поверхонь бетоноконтактом', 'WORK', 'M2', 0),
('89a0c46b-ad1d-47ae-a027-fb5cc181156b', '0adfb52b-77a3-46af-8ea2-8d7edafd37a4', 'Укладання клінкерної плитки', 'WORK', 'M2', 1),
('6076ea4e-22af-41e5-9575-235d5bd63988', '0adfb52b-77a3-46af-8ea2-8d7edafd37a4', 'Чистовий різ одна сторона', 'WORK', 'LINEAR_METER', 2),
('1fca4f7d-b601-46c8-a425-346e74dda3c4', '0adfb52b-77a3-46af-8ea2-8d7edafd37a4', 'Затирка швів проста', 'WORK', 'M2', 3),
('82be010a-32d0-4f34-9231-c9e167761eb8', '292f9f1d-5af2-45d5-beb8-207075ee912e', 'Виготовлення поличок з плитки три сторони до 30см', 'WORK', 'PIECE', 0),
('2bf0f6e8-a748-43dd-9954-ea9511c4fa78', '292f9f1d-5af2-45d5-beb8-207075ee912e', 'Монтаж поличок з плитки', 'WORK', 'PIECE', 1),
('f8ec066c-fd12-4e10-98cf-fc2d7e7589a6', '292f9f1d-5af2-45d5-beb8-207075ee912e', 'Установка люка-ревізії на магнітах', 'WORK', 'PIECE', 2),
('4d01f07e-df8b-429c-8062-2a583537e74b', '292f9f1d-5af2-45d5-beb8-207075ee912e', 'Затирка швів герметиком', 'WORK', 'LINEAR_METER', 3),
('2a5acbc2-24bb-4871-859f-7875b57dc20a', '292f9f1d-5af2-45d5-beb8-207075ee912e', 'Формування кута епоксидною затиркою', 'WORK', 'LINEAR_METER', 4),
('5b8f9c72-4a4d-4df3-a16d-f276172766de', 'b28b1bd3-df82-49c9-a4e7-839f54d764a9', 'Грунтовка поверхонь бетоноконтактом', 'WORK', 'M2', 0),
('f34b92ef-ac7d-4ff7-acda-0621650da23e', 'b28b1bd3-df82-49c9-a4e7-839f54d764a9', 'Укладання плитки 600х600', 'WORK', 'M2', 1),
('7204d3b0-59e8-48a1-a7cb-3b7449967998', 'b28b1bd3-df82-49c9-a4e7-839f54d764a9', 'Чистовий різ одна сторона', 'WORK', 'LINEAR_METER', 2),
('9aea519b-deaf-403d-b9db-bddef43a950d', 'b28b1bd3-df82-49c9-a4e7-839f54d764a9', 'Порізка плитки під кутом 45 градусів', 'WORK', 'LINEAR_METER', 3),
('955f05e8-cf29-4933-8231-c9db65861637', 'b28b1bd3-df82-49c9-a4e7-839f54d764a9', 'Затирка швів двокомпонентною затиркою', 'WORK', 'M2', 4),
('4304d7f0-cfad-4ac9-8eaa-4bcd2e78c205', '263e17da-5d8b-4ebe-912f-f2a2f39b6e01', 'Грунтовка поверхонь бетоноконтактом', 'WORK', 'M2', 0),
('5655ce9f-af22-41ac-9aed-0351b4649060', '263e17da-5d8b-4ebe-912f-f2a2f39b6e01', 'Поклейка гіпсової цеглинки', 'WORK', 'M2', 1),
('5b0fbf77-c555-42f9-886a-76f5a7435b54', '263e17da-5d8b-4ebe-912f-f2a2f39b6e01', 'Декоративна гіпсова плитка', 'WORK', 'M2', 2),
('9aed9fe8-60c9-4bad-b5c3-1d88d9812de5', '263e17da-5d8b-4ebe-912f-f2a2f39b6e01', 'Затирка швів проста', 'WORK', 'M2', 3),
('9d8806f6-6ef6-4b70-9a7e-4fc35fc14174', '263e17da-5d8b-4ebe-912f-f2a2f39b6e01', 'Формування кута епоксидною затиркою', 'WORK', 'LINEAR_METER', 4),
('bd8381b4-d5b7-4ac5-8ca2-146964d1ee1e', 'ea1efa1e-ccb4-4170-8041-96ae56a124b7', 'Прокладка труб каналізації', 'WORK', 'LINEAR_METER', 0),
('23e53b27-2421-4057-98be-6f9f6d990b26', 'ea1efa1e-ccb4-4170-8041-96ae56a124b7', 'Виводи по точках з кінцевим елементом', 'WORK', 'POINT', 1),
('9f0c99b8-b6bd-4ce6-9b24-60131417e5f7', 'ea1efa1e-ccb4-4170-8041-96ae56a124b7', 'Установка ванни простої', 'WORK', 'PIECE', 2),
('a50cf649-b20a-4bbd-931f-c836e771f6fa', 'ea1efa1e-ccb4-4170-8041-96ae56a124b7', 'Установка простого унітазу біде', 'WORK', 'PIECE', 3),
('ffa68bbd-2f4a-4faa-8698-840f47781b14', 'ea1efa1e-ccb4-4170-8041-96ae56a124b7', 'Установка умивальника', 'WORK', 'PIECE', 4),
('e040f3e2-ae00-4ac5-ad96-284e903168a9', 'ea1efa1e-ccb4-4170-8041-96ae56a124b7', 'Установка змішувача простого', 'WORK', 'PIECE', 5),
('83763576-adf3-4f4d-a3bd-9a1c547320b9', 'ea1efa1e-ccb4-4170-8041-96ae56a124b7', 'Герметизація ванни силіконом', 'WORK', 'LINEAR_METER', 6),
('0aa93133-12c9-49cd-b0c4-7c0181373818', 'ea1efa1e-ccb4-4170-8041-96ae56a124b7', 'Установка рушникосушки', 'WORK', 'PIECE', 7),
('f7478a99-1b81-4108-9c88-4de4186069b9', 'ea1efa1e-ccb4-4170-8041-96ae56a124b7', 'Установка та підключення вентилятора', 'WORK', 'PIECE', 8),
('5b0ba6f0-f8a1-4f60-addc-f15dae50c263', '1d01a2d1-2829-4011-83f8-0240fd7e4cde', 'Врізка в стояк водопроводу', 'WORK', 'PIECE', 0),
('bb07178d-4b5a-4638-8559-dea434e2d31e', '1d01a2d1-2829-4011-83f8-0240fd7e4cde', 'Штроблення в цеглі газобетоні (вода)', 'WORK', 'LINEAR_METER', 1),
('dcf02d98-fa2f-463c-9ed0-6feab106d7ad', '1d01a2d1-2829-4011-83f8-0240fd7e4cde', 'Прокладання труб з ізоляцією (вода)', 'WORK', 'LINEAR_METER', 2),
('3f233633-8eeb-47ec-977b-2f45e3bfb16b', '1d01a2d1-2829-4011-83f8-0240fd7e4cde', 'Виводи по точках з кінцевим елементом', 'WORK', 'POINT', 3),
('70bb4918-3a01-4313-93ad-381c3dedca1f', '1d01a2d1-2829-4011-83f8-0240fd7e4cde', 'Установка лічильника води простої складності', 'WORK', 'PIECE', 4),
('89e0d87a-9327-4601-aa1c-6c6bfd335f8c', '1d01a2d1-2829-4011-83f8-0240fd7e4cde', 'Запуск системи водопроводу', 'WORK', 'PIECE', 5),
('89539be2-c495-4b67-9a9d-bf54532d1754', '1d01a2d1-2829-4011-83f8-0240fd7e4cde', 'Перевірка системи водопроводу тиском', 'WORK', 'PIECE', 6),
('26898490-1fa5-48cf-826e-e05829206dc8', '0838c70e-0fac-4f31-a3f4-584689592234', 'Врізка в стояк каналізації', 'WORK', 'PIECE', 0),
('7f459270-c1dd-4fc5-ab51-786861dd59ae', '0838c70e-0fac-4f31-a3f4-584689592234', 'Штроблення в газобетоні цеглі (каналізація)', 'WORK', 'LINEAR_METER', 1),
('a06a40d8-3dff-42c7-851f-527f25a1e194', '0838c70e-0fac-4f31-a3f4-584689592234', 'Прокладка труб каналізації', 'WORK', 'LINEAR_METER', 2),
('5e959396-7769-4ade-ad5e-b3830868b7b7', '0838c70e-0fac-4f31-a3f4-584689592234', 'Розводка труб точка', 'WORK', 'POINT', 3),
('273a4a34-a0f1-4043-b4d3-0588169357c0', '0838c70e-0fac-4f31-a3f4-584689592234', 'Шумоізоляція стояка каналізації', 'WORK', 'LINEAR_METER', 4),
('7e5d5e9f-b365-405e-a579-9f5e96eccf34', 'f001b0ff-ff90-41b8-8176-131bb650ef26', 'Прокладання труб з ізоляцією (опалення)', 'WORK', 'LINEAR_METER', 0),
('a5cbfb3b-d049-4b13-914b-95c66ff0573d', 'f001b0ff-ff90-41b8-8176-131bb650ef26', 'Установка радіатора опалення простого', 'WORK', 'PIECE', 1),
('9c67c550-cf01-4d54-8916-3b8f0c7acf56', 'f001b0ff-ff90-41b8-8176-131bb650ef26', 'Обв''язка радіатора один радіатор 2 точки', 'WORK', 'POINT', 2),
('37e99837-85d3-4f14-9b6e-fdd4df461eff', 'f001b0ff-ff90-41b8-8176-131bb650ef26', 'Установка терморегулятора на радіатор', 'WORK', 'PIECE', 3),
('537e85c9-0c8d-4869-a11a-d0f47d008bc7', 'f001b0ff-ff90-41b8-8176-131bb650ef26', 'Запуск системи опалення', 'WORK', 'PIECE', 4),
('7f24b6e6-1c92-4673-987a-3c7a62b9e146', 'f001b0ff-ff90-41b8-8176-131bb650ef26', 'Перевірка системи опалення тиском', 'WORK', 'PIECE', 5),
('a7d8e261-47a6-4b07-b627-06d488d9a887', 'aaa4f0cf-c949-4641-a3a6-d2b75b82d290', 'Установка настінного двоконтурного котла', 'WORK', 'PIECE', 0),
('cd06f4d4-0cd9-4bb4-8f15-5d09cda8a405', 'aaa4f0cf-c949-4641-a3a6-d2b75b82d290', 'Монтаж насосної групи', 'WORK', 'PIECE', 1),
('e689ded4-2c17-4bc0-ad1d-5f96cde148d2', 'aaa4f0cf-c949-4641-a3a6-d2b75b82d290', 'Монтаж гідрострілки опалення', 'WORK', 'PIECE', 2),
('c6a3d9ba-65b2-480d-8768-5968a02c2dc3', 'aaa4f0cf-c949-4641-a3a6-d2b75b82d290', 'Монтаж колектора гребінки', 'WORK', 'SET', 3),
('42e753c4-d46f-4039-a1da-633b7a914644', 'aaa4f0cf-c949-4641-a3a6-d2b75b82d290', 'Монтаж бойлера непрямого нагріву', 'WORK', 'PIECE', 4),
('cc3f00bf-691e-4ec5-854f-7bc00ee6f744', 'aaa4f0cf-c949-4641-a3a6-d2b75b82d290', 'Запуск системи опалення', 'WORK', 'PIECE', 5),
('29954b00-a8e8-4ab7-b7c8-0c6013b54e99', 'aaa4f0cf-c949-4641-a3a6-d2b75b82d290', 'Перевірка системи опалення тиском', 'WORK', 'PIECE', 6),
('e06189bc-62b5-4436-8855-bda19a4895b1', '8ae99be9-cb54-450e-8234-a4ed443bfce0', 'Монтаж трубної системи тепла підлога з утеплювачем', 'WORK', 'M2', 0),
('bb2165e3-e234-49cf-a80e-ba5f8ad6510b', '8ae99be9-cb54-450e-8234-a4ed443bfce0', 'Монтаж колектора гребінки', 'WORK', 'SET', 1),
('a56ffd80-08f0-4a30-ab00-dfa645dd692f', '8ae99be9-cb54-450e-8234-a4ed443bfce0', 'Установка та підключення унібокса', 'WORK', 'PIECE', 2),
('e8bf9c1b-ba59-4096-9616-2f9cef06b517', '8ae99be9-cb54-450e-8234-a4ed443bfce0', 'Запуск системи опалення', 'WORK', 'PIECE', 3),
('d87b9523-3bfa-423b-a315-7673765c0b5d', '8ae99be9-cb54-450e-8234-a4ed443bfce0', 'Перевірка системи опалення тиском', 'WORK', 'PIECE', 4),
('2e48850e-7228-4f17-a4f1-c69cd93a9762', 'e76eca2c-fc44-4eaf-8d5b-cf1066a0a97a', 'Монтаж заміна стояка пластик на пластик одна панель', 'WORK', 'PIECE', 0),
('65ee00fb-9bc9-4954-9a5d-d2225c4d9fa5', 'e76eca2c-fc44-4eaf-8d5b-cf1066a0a97a', 'Врізка в стояк водопроводу', 'WORK', 'PIECE', 1),
('6b09bfec-3018-4573-9704-b86db767bfa4', 'e76eca2c-fc44-4eaf-8d5b-cf1066a0a97a', 'Врізка в стояк каналізації', 'WORK', 'PIECE', 2),
('5e8b153f-eea1-4992-9fb5-c53354686733', 'e76eca2c-fc44-4eaf-8d5b-cf1066a0a97a', 'Шумоізоляція стояка каналізації', 'WORK', 'LINEAR_METER', 3),
('6b0a1895-000e-48ad-ac15-78caeb7367aa', 'e76eca2c-fc44-4eaf-8d5b-cf1066a0a97a', 'Перевірка системи водопроводу тиском', 'WORK', 'PIECE', 4),
('157deb7d-b686-4f2a-ac65-6b8c164331b7', 'f9d072a3-7e3e-4fab-8d98-02884dd2434f', 'Прокладання труб з ізоляцією (вода)', 'WORK', 'LINEAR_METER', 0),
('6a95d08b-e268-42a0-8fdd-93cbc079bdb0', 'f9d072a3-7e3e-4fab-8d98-02884dd2434f', 'Виводи по точках з кінцевим елементом', 'WORK', 'POINT', 1),
('ab848f8b-04cd-4a43-bf4a-2ce614ed55f4', 'f9d072a3-7e3e-4fab-8d98-02884dd2434f', 'Установка ванни простої', 'WORK', 'PIECE', 2),
('ecaeb83d-2617-4eb6-82b5-59e77039abd3', 'f9d072a3-7e3e-4fab-8d98-02884dd2434f', 'Монтаж скляних шторок на ванну', 'WORK', 'PIECE', 3),
('4b45b219-9b29-4000-a34c-93afbfb9305e', 'f9d072a3-7e3e-4fab-8d98-02884dd2434f', 'Установка змішувача прихованого типу для душа', 'WORK', 'PIECE', 4),
('86874def-cf41-4178-9b44-4b0ffaf1f09f', 'f9d072a3-7e3e-4fab-8d98-02884dd2434f', 'Монтаж гігієнічного душу', 'WORK', 'PIECE', 5),
('82726971-e56a-4606-ac60-d4270a1dfaae', 'f9d072a3-7e3e-4fab-8d98-02884dd2434f', 'Герметизація ванни силіконом', 'WORK', 'LINEAR_METER', 6),
('aed65363-59ae-472c-b925-ecc799b099f1', 'a5984e71-d689-45a4-b594-3c87a3bfee1d', 'Виводи по точках з кінцевим елементом', 'WORK', 'POINT', 0),
('1ef021ca-9bb7-466b-91d7-a62ed2ef02c4', 'a5984e71-d689-45a4-b594-3c87a3bfee1d', 'Монтаж зливного трапа для душу', 'WORK', 'PIECE', 1),
('df69d4ce-9536-492a-a2ee-4c09d4fcbccc', 'a5984e71-d689-45a4-b594-3c87a3bfee1d', 'Установка душової кабіни простої', 'WORK', 'PIECE', 2),
('0894e628-c27e-49ba-be9d-f3f78eb628f7', 'a5984e71-d689-45a4-b594-3c87a3bfee1d', 'Установка змішувача простого', 'WORK', 'PIECE', 3),
('4a30151e-391d-48b9-b6f8-26537191a405', '7fb1385d-650b-46f8-92ba-be95536ec269', 'Монтаж інсталяції для унітазу', 'WORK', 'PIECE', 0),
('953eba03-c5b3-44f2-94da-34f925e77189', '7fb1385d-650b-46f8-92ba-be95536ec269', 'Установка унітазу на готову інсталяцію', 'WORK', 'PIECE', 1),
('080ddf01-aafc-410c-9656-cab7440cf1c5', '7fb1385d-650b-46f8-92ba-be95536ec269', 'Монтаж панелі з клавішами змиву', 'WORK', 'PIECE', 2),
('7c54d6d4-94a2-4a0c-b028-5990917853cf', '7fb1385d-650b-46f8-92ba-be95536ec269', 'Монтаж гігієнічного душу', 'WORK', 'PIECE', 3),
('4e86163e-f597-4352-be01-afc2f570642d', '93969345-7b98-4cf7-a952-fe75176850f0', 'Врізка в стояк водопроводу', 'WORK', 'PIECE', 0),
('77b53baa-e923-4231-844c-c5fa0518515a', '93969345-7b98-4cf7-a952-fe75176850f0', 'Монтаж редуктора тиску води', 'WORK', 'PIECE', 1),
('e85960d9-8aa4-47ec-b620-4af4df6a18c2', '93969345-7b98-4cf7-a952-fe75176850f0', 'Установка лічильника води простої складності', 'WORK', 'PIECE', 2),
('50b132ea-65f2-4d75-b3d3-2bb77a0c288d', '93969345-7b98-4cf7-a952-fe75176850f0', 'Установка та підключення бойлера', 'WORK', 'PIECE', 3),
('582a9369-237e-48ee-8ae5-e16e09863db4', '93969345-7b98-4cf7-a952-fe75176850f0', 'Монтаж фільтра осмос', 'WORK', 'PIECE', 4),
('86cb71aa-814a-48c1-92e5-0d06e99d3f56', '890783ea-d15b-43cc-b279-5fdd44ac4f77', 'Установка пральної сушильної машини', 'WORK', 'PIECE', 0),
('9be076bb-5d16-4d22-83d7-004345e350c7', '890783ea-d15b-43cc-b279-5fdd44ac4f77', 'Підключення посудомийної машини', 'WORK', 'PIECE', 1),
('8064a243-0852-4c93-b04c-870089211ab9', '890783ea-d15b-43cc-b279-5fdd44ac4f77', 'Монтаж кухонного подрібнювача', 'WORK', 'PIECE', 2),
('7d827c91-7a62-4f05-84f2-05c8d399d0ec', '890783ea-d15b-43cc-b279-5fdd44ac4f77', 'Монтаж витяжки', 'WORK', 'PIECE', 3),
('dc9aaace-8062-4a47-98c0-1769223a4ede', '215d1e3c-9139-4d13-bb9f-0ee2eba3ffe4', 'Установка конденсаційного котла', 'WORK', 'PIECE', 0),
('b91bced4-429f-4f35-ac6e-a27991f04aaf', '215d1e3c-9139-4d13-bb9f-0ee2eba3ffe4', 'Монтаж насосної групи', 'WORK', 'PIECE', 1),
('bca02026-0fb9-4593-b859-16d542c1dfa3', '215d1e3c-9139-4d13-bb9f-0ee2eba3ffe4', 'Монтаж гідрострілки опалення', 'WORK', 'PIECE', 2),
('16df7fd8-7acc-420a-a1a6-4f3b5541f9b0', '215d1e3c-9139-4d13-bb9f-0ee2eba3ffe4', 'Монтаж буферної ємності', 'WORK', 'PIECE', 3),
('54b0df8d-d4d7-4a7f-94db-44290fbcff77', '215d1e3c-9139-4d13-bb9f-0ee2eba3ffe4', 'Монтаж колектора гребінки', 'WORK', 'SET', 4),
('fe891936-e951-40d1-bce8-aa5d91c8e0b3', '215d1e3c-9139-4d13-bb9f-0ee2eba3ffe4', 'Монтаж бойлера непрямого нагріву', 'WORK', 'PIECE', 5),
('7e14cfa1-32fe-4b32-95eb-8e350cd7c78b', '215d1e3c-9139-4d13-bb9f-0ee2eba3ffe4', 'Запуск системи опалення', 'WORK', 'PIECE', 6),
('2b7de148-9e42-46de-849e-bd5c3095f84b', '215d1e3c-9139-4d13-bb9f-0ee2eba3ffe4', 'Перевірка системи опалення тиском', 'WORK', 'PIECE', 7),
('e3ca6ee3-ac89-4aa9-b0f6-05e39e556386', '9e901d99-d0e1-46f4-851b-17979cbef6da', 'Врізка в стояк водопроводу', 'WORK', 'PIECE', 0),
('2bf635fb-2992-46e8-bee7-2eb048442a09', '9e901d99-d0e1-46f4-851b-17979cbef6da', 'Монтаж редуктора тиску води', 'WORK', 'PIECE', 1),
('311e7e43-a84c-4ea2-a3a9-2f79eaf977db', '9e901d99-d0e1-46f4-851b-17979cbef6da', 'Монтаж фільтра осмос', 'WORK', 'PIECE', 2),
('0fdb293c-a164-4fe6-94d7-1b5406cdac17', '9e901d99-d0e1-46f4-851b-17979cbef6da', 'Установка УФ знезаражувача води', 'WORK', 'PIECE', 3),
('d169bc92-2613-46a6-9a49-098adc8ec115', '9e901d99-d0e1-46f4-851b-17979cbef6da', 'Перевірка системи водопроводу тиском', 'WORK', 'PIECE', 4),
('32e25988-cd9b-448f-bbad-245c5f2a529e', '762b3c29-0f5c-4d37-85f3-83dc3a6ec754', 'Штроблення під електрокабель 20х20 в цеглі', 'WORK', 'LINEAR_METER', 0),
('375340a0-3776-4fb9-ac0c-622bd045096b', '762b3c29-0f5c-4d37-85f3-83dc3a6ec754', 'Отвір для підрозетника в цеглі', 'WORK', 'PIECE', 1),
('06ffaa9b-9f1a-4126-b387-fb84bc93e2df', '762b3c29-0f5c-4d37-85f3-83dc3a6ec754', 'Монтаж підрозетника', 'WORK', 'PIECE', 2),
('1960bfe0-e534-4474-be27-b491eac0c076', '762b3c29-0f5c-4d37-85f3-83dc3a6ec754', 'Монтаж розподільчої коробки в стіну', 'WORK', 'PIECE', 3),
('b9a5536b-b41c-4067-8ff3-b1da3c12be82', '762b3c29-0f5c-4d37-85f3-83dc3a6ec754', 'Прокладка кабелю в гофрі', 'WORK', 'LINEAR_METER', 4),
('9815bb89-6c89-4535-ae57-0a22cac6350a', '762b3c29-0f5c-4d37-85f3-83dc3a6ec754', 'Збірка розподільчої коробки розпаювання проводів', 'WORK', 'PIECE', 5),
('67c099cc-08dd-4bbd-803c-273e0cbfcb1c', '762b3c29-0f5c-4d37-85f3-83dc3a6ec754', 'Комутація в підрозетнику', 'WORK', 'PIECE', 6),
('f35996cd-c097-4f14-b86f-74cd566ba6fd', '762b3c29-0f5c-4d37-85f3-83dc3a6ec754', 'Заробка штроб', 'WORK', 'LINEAR_METER', 7),
('9b70260a-3811-4294-a30d-c17f48a1aab4', '69e2f038-da1e-4f62-97da-5204a109b928', 'Вирізка ніші під електрощит 12-36 модулів', 'WORK', 'PIECE', 0),
('09193311-7b77-4e18-b12f-d885ba2b0ab2', '69e2f038-da1e-4f62-97da-5204a109b928', 'Монтаж електрощита в нішу', 'WORK', 'PIECE', 1),
('58c12ce7-2129-4908-9279-2fd117bf9ae7', '69e2f038-da1e-4f62-97da-5204a109b928', 'Установка автомата однополюсного', 'WORK', 'PIECE', 2),
('05c54416-523e-4083-a2d0-dac3d4c433b6', '69e2f038-da1e-4f62-97da-5204a109b928', 'Установка автомата двополюсного', 'WORK', 'PIECE', 3),
('d97fb9c0-b2d1-446c-a000-32644e44427e', '69e2f038-da1e-4f62-97da-5204a109b928', 'Установка ПЗВ двополюсний', 'WORK', 'PIECE', 4),
('6588037b-2dc0-41ac-9424-926d9e04b71f', '69e2f038-da1e-4f62-97da-5204a109b928', 'Установка реле напруги', 'WORK', 'PIECE', 5),
('4e61f96a-cb3f-4155-8b9b-9577a6edf5b7', '69e2f038-da1e-4f62-97da-5204a109b928', 'Установка стабілізатора напруги', 'WORK', 'PIECE', 6),
('a430c38a-75a6-4490-863a-6401fb9e160d', 'ba16c8fb-ec26-48ba-acd1-e6bef74f33a3', 'Установка та підключення розеток та вимикачів', 'WORK', 'PIECE', 0),
('bce6e2c1-432e-4ecf-b963-25737bb7ac81', 'ba16c8fb-ec26-48ba-acd1-e6bef74f33a3', 'Установка прохідних перехресних вимикачів', 'WORK', 'PIECE', 1),
('e1fc814f-aef9-48ce-92a5-9ccf468d396b', 'ba16c8fb-ec26-48ba-acd1-e6bef74f33a3', 'Установка розетки комп''ютерної', 'WORK', 'PIECE', 2),
('95af8578-5ef5-4902-be5e-4ebe193482c5', 'ba16c8fb-ec26-48ba-acd1-e6bef74f33a3', 'Комутація в підрозетнику', 'WORK', 'PIECE', 3),
('3c33de8e-451c-48b2-97d7-5defecb8937b', '3890358d-3d96-44f6-b887-954fae7d91f4', 'Свердління під точковий світильник в гіпсокартоні', 'WORK', 'PIECE', 0),
('e453a47b-e58b-48be-b8a1-e39fdbc5e93f', '3890358d-3d96-44f6-b887-954fae7d91f4', 'Установка та підключення точкового світильника софіта', 'WORK', 'PIECE', 1),
('a9845271-d5a2-49bc-a97a-7287b9f2a9f4', '3890358d-3d96-44f6-b887-954fae7d91f4', 'Складання люстри простої', 'WORK', 'PIECE', 2),
('400348e9-5fea-45ee-bcc2-b4c687d11287', '3890358d-3d96-44f6-b887-954fae7d91f4', 'Установка підвісного світильника люстри простої', 'WORK', 'PIECE', 3),
('03c7740f-7b81-459f-985c-dd6ef3078603', '3890358d-3d96-44f6-b887-954fae7d91f4', 'Установка настінного світильника бра', 'WORK', 'PIECE', 4),
('0fa06e5f-a656-4cf8-8476-76479587223c', '3f094c3e-cef9-40ca-b305-812917471aa5', 'Прокладка закладної гофри в штробі для теплої підлоги', 'WORK', 'LINEAR_METER', 0),
('b816a224-7ed1-435c-b317-e9656cf6543b', '3f094c3e-cef9-40ca-b305-812917471aa5', 'Укладка підлоги електричної до 10м2', 'WORK', 'M2', 1),
('3288090e-e476-40b9-9407-794311aab7ef', '3f094c3e-cef9-40ca-b305-812917471aa5', 'Установка терморегулятора теплої підлоги', 'WORK', 'PIECE', 2),
('fa942f80-a7f5-44b6-9617-6572edf335d1', '27091267-33e1-43b2-8be9-5095971d1d93', 'Електромонтаж контура заземлення', 'WORK', 'SET', 0),
('6b64f1c8-e7b5-4717-bb64-6b094f616363', '27091267-33e1-43b2-8be9-5095971d1d93', 'Прокладка силового кабелю', 'WORK', 'LINEAR_METER', 1),
('28dc0791-c703-4dee-b2b9-f37651cd4552', '27091267-33e1-43b2-8be9-5095971d1d93', 'Установка ПЗВ двополюсний', 'WORK', 'PIECE', 2),
('1ceb3fe3-54b8-45df-a6b1-1f5df1fc0fe4', '1d309ca2-6871-4a4b-9078-3c78aad04110', 'Прокладка інтернет-кабелю витої пари', 'WORK', 'LINEAR_METER', 0),
('f0a417d3-9612-46f9-8d8b-58f1e8e4514c', '1d309ca2-6871-4a4b-9078-3c78aad04110', 'Монтаж компʼютерної розетки RJ45', 'WORK', 'PIECE', 1),
('47fdce40-b97c-4e58-8f86-09114a13115d', '1d309ca2-6871-4a4b-9078-3c78aad04110', 'Монтаж ТВ-кабелю', 'WORK', 'LINEAR_METER', 2),
('81a17f78-f7d2-46bb-86c0-7d9bcf1d7f4f', '1d309ca2-6871-4a4b-9078-3c78aad04110', 'Установка слаботочного щита', 'WORK', 'PIECE', 3),
('cb21ad0d-df00-4a77-b560-c8ffcc26be86', '84c1cef5-32ce-4abe-9bd0-ce58e62946f8', 'Штроблення під електрокабель 20х40 в цеглі', 'WORK', 'LINEAR_METER', 0),
('262af0fe-2d1d-477b-852b-79fb13f4c9b2', '84c1cef5-32ce-4abe-9bd0-ce58e62946f8', 'Отвір для підрозетника в цеглі', 'WORK', 'PIECE', 1),
('d8a85e90-142f-47fb-a6e7-16f8865ee31e', '84c1cef5-32ce-4abe-9bd0-ce58e62946f8', 'Монтаж підрозетника', 'WORK', 'PIECE', 2),
('8daeffb0-468e-4c3c-a745-f8475caff5b2', '84c1cef5-32ce-4abe-9bd0-ce58e62946f8', 'Прокладка силового кабелю', 'WORK', 'LINEAR_METER', 3),
('c21179da-9280-4933-b39f-b969ce10a6dd', '84c1cef5-32ce-4abe-9bd0-ce58e62946f8', 'Установка та підключення електроплити варочної', 'WORK', 'PIECE', 4),
('258ce135-6e02-4923-bc6b-fd403420c7ee', '84c1cef5-32ce-4abe-9bd0-ce58e62946f8', 'Установка та підключення розеток та вимикачів', 'WORK', 'PIECE', 5),
('a7594d1e-e09c-4f41-803f-121095c78c16', '84c1cef5-32ce-4abe-9bd0-ce58e62946f8', 'Заробка штроб', 'WORK', 'LINEAR_METER', 6),
('d15c6653-f268-445b-8fd3-2f6ffde00404', '2ce8f508-55ce-458c-8b7d-6e51073336f0', 'Монтаж шинопровода трекової системи', 'WORK', 'LINEAR_METER', 0),
('3ce9bbc9-b4d6-4fb4-9ce7-c7b0076daa9f', '2ce8f508-55ce-458c-8b7d-6e51073336f0', 'Монтаж трекового світильника', 'WORK', 'PIECE', 1),
('d3db58b3-231c-4058-9c78-d0e6020352d2', '2ce8f508-55ce-458c-8b7d-6e51073336f0', 'Монтаж світлодіодної стрічки в профілі', 'WORK', 'LINEAR_METER', 2),
('e9f12d33-cd5a-4faf-b4f8-48e2e0b523fc', '2ce8f508-55ce-458c-8b7d-6e51073336f0', 'Спайка світлодіодної стрічки', 'WORK', 'PIECE', 3),
('a4dbc490-d0b5-4be7-b6a3-36119c3de7f5', '2ce8f508-55ce-458c-8b7d-6e51073336f0', 'Установка та підключення трансформатора', 'WORK', 'PIECE', 4),
('829e3cd4-a92e-47c7-a799-0201a34cf954', '975a3bb2-5fb5-4d5f-a0b4-e5bf8b4f2b0e', 'Установка та підключення відеодомофона', 'WORK', 'PIECE', 0),
('99a9342c-036b-42ea-bc7b-fdc1ae6afa6f', '975a3bb2-5fb5-4d5f-a0b4-e5bf8b4f2b0e', 'Установка дверного дзвінка дротового', 'WORK', 'PIECE', 1),
('56291d62-f85a-4e94-8f6b-c5f1d6e503ca', '975a3bb2-5fb5-4d5f-a0b4-e5bf8b4f2b0e', 'Установка кнопки дверного дзвінка', 'WORK', 'PIECE', 2),
('ad7fe513-b59b-4a01-8187-ca88f8e5d074', 'e6d26499-8c3c-41f2-9d5d-af1e68b65d6f', 'Штроблення під електрокабель 20х20 в бетоні', 'WORK', 'LINEAR_METER', 0),
('47216a9f-c41c-4dea-bc8d-e67e86386292', 'e6d26499-8c3c-41f2-9d5d-af1e68b65d6f', 'Прокладка кабелю в гофрі', 'WORK', 'LINEAR_METER', 1),
('ffba020c-6793-488f-b7fc-74dc26216cc3', 'e6d26499-8c3c-41f2-9d5d-af1e68b65d6f', 'Заробка штроб', 'WORK', 'LINEAR_METER', 2),
('d7d34cbe-57dc-4d0d-91d4-82b253da6f86', 'f9de4d38-35ab-4c47-a27e-8167a8c0fec6', 'Установка датчиків руху датчиків світла', 'WORK', 'PIECE', 0),
('b7fd4188-7b62-4b4f-99d9-01d35d1b9062', 'f9de4d38-35ab-4c47-a27e-8167a8c0fec6', 'Установка реле напруги', 'WORK', 'PIECE', 1),
('469cbeb9-3eb1-4e2f-96ba-617964e9ea3d', 'f9de4d38-35ab-4c47-a27e-8167a8c0fec6', 'Установка та підключення стабілізатора напруги', 'WORK', 'PIECE', 2),
('93255219-9c98-42ee-8af2-3321fcc248a0', 'f9de4d38-35ab-4c47-a27e-8167a8c0fec6', 'Установка та підключення розеток та вимикачів', 'WORK', 'PIECE', 3),
('4b243067-29c4-4a9d-a2dd-b0f5f0d0fe43', '6bc9cf59-feca-46be-a5b9-ae9d00d6aaa2', 'Вирізка ніші під електрощит 12-36 модулів', 'WORK', 'PIECE', 0),
('a4323798-20c0-4eb6-ba0c-759477c8c6d9', '6bc9cf59-feca-46be-a5b9-ae9d00d6aaa2', 'Монтаж електрощита в нішу', 'WORK', 'PIECE', 1),
('42d32d05-7c98-4902-8431-6af142c0af22', '6bc9cf59-feca-46be-a5b9-ae9d00d6aaa2', 'Прокладка силового кабелю', 'WORK', 'LINEAR_METER', 2),
('1730bd7c-d34a-4ac7-b542-c07105e7f79b', '6bc9cf59-feca-46be-a5b9-ae9d00d6aaa2', 'Монтаж та підключення ДБЖ', 'WORK', 'POINT', 3),
('3049b96b-098e-4bca-849f-826e000cd1c0', '6bc9cf59-feca-46be-a5b9-ae9d00d6aaa2', 'Установка стабілізатора напруги', 'WORK', 'PIECE', 4),
('10f4f4ed-a743-4dd2-a590-ac0979a595d4', '2d69cc65-ae8d-4ba2-a7fc-40cbc510ac02', 'Штроблення під електрокабель 20х20 в бетоні', 'WORK', 'LINEAR_METER', 0),
('1ff9bbf3-4159-400a-a0d7-616b81d12a0e', '2d69cc65-ae8d-4ba2-a7fc-40cbc510ac02', 'Прокладка силового кабелю', 'WORK', 'LINEAR_METER', 1),
('e4d785d9-90b6-43f8-b032-abd4344619a7', '2d69cc65-ae8d-4ba2-a7fc-40cbc510ac02', 'Установка ландшафтних світильників', 'WORK', 'PIECE', 2),
('a73357be-ed09-4480-bd40-1adaf0890974', '2d69cc65-ae8d-4ba2-a7fc-40cbc510ac02', 'Установка датчиків руху датчиків світла', 'WORK', 'PIECE', 3),
('9822add6-a807-4603-a32c-cfcf4b5ca3f1', '2d69cc65-ae8d-4ba2-a7fc-40cbc510ac02', 'Заробка штроб', 'WORK', 'LINEAR_METER', 4),
('1b3d13ab-855c-48f4-b7cd-d6acd850fc0d', '18eec5f1-057f-4d3c-92e5-deeed8befbb7', 'Грунтовка поверхонь перед штукатуркою армуванням', 'WORK', 'M2', 0),
('85e9b1c1-0dbf-4178-bbf8-7fcbcee4f2fd', '18eec5f1-057f-4d3c-92e5-deeed8befbb7', 'Штукатурка стін машинкою до 2см', 'WORK', 'M2', 1),
('a0a6aee4-d87d-4176-8193-d639cc72ec21', '18eec5f1-057f-4d3c-92e5-deeed8befbb7', 'Виведення геометрії стін кути 90', 'WORK', 'LINEAR_METER', 2),
('db3608b3-0d3c-407b-a110-512acff722bd', '18eec5f1-057f-4d3c-92e5-deeed8befbb7', 'Штукатурка укосів', 'WORK', 'LINEAR_METER', 3),
('1b395609-d4f7-4da4-9e67-4c7fe7082781', '18eec5f1-057f-4d3c-92e5-deeed8befbb7', 'Грунтовка поверхонь перед шпаклівкою фарбуванням', 'WORK', 'M2', 4),
('ebb2ebc6-3609-4c17-a3e8-4450dd182603', '18eec5f1-057f-4d3c-92e5-deeed8befbb7', 'Шпаклівка старт по цементній штукатурці', 'WORK', 'M2', 5),
('02a820a4-e541-47b6-a0b7-901a962154d2', '18eec5f1-057f-4d3c-92e5-deeed8befbb7', 'Шпаклівка стін під фарбування', 'WORK', 'M2', 6),
('a8dbfcfb-6eb8-4dde-a6d0-b742a3127b76', '18eec5f1-057f-4d3c-92e5-deeed8befbb7', 'Фарбування грунт-фарбою', 'WORK', 'M2', 7),
('a3a6beac-d777-4253-8b42-767b194e9c36', '18eec5f1-057f-4d3c-92e5-deeed8befbb7', 'Фарбування стін водоемульсійною фарбою', 'WORK', 'M2', 8),
('5b774be5-29a3-44e4-9acd-c780155dce1b', 'bc155fc2-5d13-4a9e-b63f-6f0c326227b8', 'Грунтовка поверхонь перед штукатуркою армуванням', 'WORK', 'M2', 0),
('44683101-99a9-4aea-b159-013b545d8c35', 'bc155fc2-5d13-4a9e-b63f-6f0c326227b8', 'Штукатурка стін машинкою до 2см', 'WORK', 'M2', 1),
('a16094a2-1a13-4cf4-89e5-6eb61e421e53', 'bc155fc2-5d13-4a9e-b63f-6f0c326227b8', 'Виведення геометрії стін кути 90', 'WORK', 'LINEAR_METER', 2),
('65005bf9-83e3-4372-965a-4bc5bf54aa10', 'bc155fc2-5d13-4a9e-b63f-6f0c326227b8', 'Шпаклівка старт по цементній штукатурці', 'WORK', 'M2', 3),
('3bfaedb6-b969-4218-868f-12bb107f04db', 'bc155fc2-5d13-4a9e-b63f-6f0c326227b8', 'Шпаклівка стін під склополотно шпалери', 'WORK', 'M2', 4),
('287cae81-4c4a-48a0-a896-00ff478acc68', 'bc155fc2-5d13-4a9e-b63f-6f0c326227b8', 'Поклейка шпалер 100см з підбором', 'WORK', 'M2', 5),
('b4e3dab3-cdfe-4138-aed5-ce1d42042f48', '80c7ad61-9c7a-4a4e-becd-555f1f611d4a', 'Грунтовка поверхонь перед шпаклівкою фарбуванням', 'WORK', 'M2', 0),
('21e67709-a41b-4baf-a0ae-0d7af194258d', '80c7ad61-9c7a-4a4e-becd-555f1f611d4a', 'Шпаклівка стелі під фарбування', 'WORK', 'M2', 1),
('9f48d4e9-3108-4dd7-97e7-b78e3dce4ee0', '80c7ad61-9c7a-4a4e-becd-555f1f611d4a', 'Фарбування грунт-фарбою', 'WORK', 'M2', 2),
('688ae4c6-d02d-4c8b-bed4-214937956993', '80c7ad61-9c7a-4a4e-becd-555f1f611d4a', 'Фарбування стелі водоемульсійною фарбою', 'WORK', 'M2', 3),
('9f2ee345-b2a1-4939-8977-3ba43b04c254', '041188e3-e468-4068-96b4-1feb58f470b8', 'Грунтовка поверхонь перед штукатуркою армуванням', 'WORK', 'M2', 0),
('529b17c4-709b-43cc-98c8-d6d965712e87', '041188e3-e468-4068-96b4-1feb58f470b8', 'Машинна штукатурка стін', 'WORK', 'M2', 1),
('43bfb5d4-31cb-485e-b13e-c7fb9c238055', '041188e3-e468-4068-96b4-1feb58f470b8', 'Виведення геометрії стін кути 90', 'WORK', 'LINEAR_METER', 2),
('0926fbe7-3847-41d5-b9b7-e091d87ded15', '041188e3-e468-4068-96b4-1feb58f470b8', 'Штукатурка укосів', 'WORK', 'LINEAR_METER', 3),
('b297fcf8-0d35-4352-85db-15c73e70f476', 'd40a7541-0221-43e1-910a-28d9c33e4f83', 'Грунтовка поверхонь перед шпаклівкою фарбуванням', 'WORK', 'M2', 0),
('c787306b-7e19-4350-a6f9-fa13bd9d0260', 'd40a7541-0221-43e1-910a-28d9c33e4f83', 'Шпаклівка стін під фарбування', 'WORK', 'M2', 1),
('2542a762-ff62-4ebe-8ccf-2c7267e6609f', 'd40a7541-0221-43e1-910a-28d9c33e4f83', 'Грунтовка поверхонь бетоноконтактом', 'WORK', 'M2', 2),
('fecfd28c-f7d4-4515-84aa-31af416cf6eb', 'd40a7541-0221-43e1-910a-28d9c33e4f83', 'Декоративна штукатурка китайський шовк вельвет лава сахара', 'WORK', 'M2', 3),
('15296487-72fc-4364-8f56-fa49a3ca4282', 'd40a7541-0221-43e1-910a-28d9c33e4f83', 'Декоративна штукатурка травертин', 'WORK', 'M2', 4),
('387f7465-0967-4f32-b8e2-a66f4053f832', '09a096bb-19b2-4d05-88a8-2cf3031b0902', 'Грунтовка поверхонь перед шпаклівкою фарбуванням', 'WORK', 'M2', 0),
('7e88ff04-7858-4390-8849-b1e0db322343', '09a096bb-19b2-4d05-88a8-2cf3031b0902', 'Шпаклівка старт по цементній штукатурці', 'WORK', 'M2', 1),
('1dc68753-7d25-46af-b507-a81f43550581', '09a096bb-19b2-4d05-88a8-2cf3031b0902', 'Шпаклівка стін під фарбування', 'WORK', 'M2', 2),
('6e080fda-ffd1-48c1-bc08-b7f4849f803b', '09a096bb-19b2-4d05-88a8-2cf3031b0902', 'Шпаклівка стелі під фарбування', 'WORK', 'M2', 3),
('e953b6b2-93ef-4206-a88a-1c651be920d6', '4564b4f9-0cc1-452a-b6ae-63431e008fd7', 'Монтаж стельових багетів пінопласт до 8см', 'WORK', 'LINEAR_METER', 0),
('a264ffec-f694-4e76-9db6-68ae8d37634f', '4564b4f9-0cc1-452a-b6ae-63431e008fd7', 'Монтаж молдінга з поліуретану', 'WORK', 'LINEAR_METER', 1),
('a496b7c7-9c66-4935-89c8-9051abee48cf', '4564b4f9-0cc1-452a-b6ae-63431e008fd7', 'Фарбування стельових багетів пінопласт', 'WORK', 'LINEAR_METER', 2),
('3fc23961-a016-4f68-be32-36af307841f4', 'ccf45f6b-2cdb-43cc-8763-a12eb8f2ff47', 'Штукатурка стін машинкою до 2см', 'WORK', 'M2', 0),
('6e560666-a85c-42e3-9c95-058efad864a1', 'ccf45f6b-2cdb-43cc-8763-a12eb8f2ff47', 'Виведення геометрії стін кути 90', 'WORK', 'LINEAR_METER', 1),
('a1854b56-1547-422a-8e5f-c6ed3ed8fcfc', 'ccf45f6b-2cdb-43cc-8763-a12eb8f2ff47', 'Шпаклівка старт по цементній штукатурці', 'WORK', 'M2', 2),
('4a924646-49ab-4ef5-be98-cbfa6a5b0f62', 'ccf45f6b-2cdb-43cc-8763-a12eb8f2ff47', 'Шпаклівка стін під фарбування', 'WORK', 'M2', 3),
('4aac12a4-ac6d-41c4-afc6-dae3c5a1415c', 'ccf45f6b-2cdb-43cc-8763-a12eb8f2ff47', 'Шпаклівка стелі під фарбування', 'WORK', 'M2', 4),
('206d3585-ee2e-4083-8cae-7e5fd5c2b2d0', 'ccf45f6b-2cdb-43cc-8763-a12eb8f2ff47', 'Фарбування стін водоемульсійною фарбою', 'WORK', 'M2', 5),
('80a45585-9d57-4e83-8ee4-93ae5cf55cac', 'ccf45f6b-2cdb-43cc-8763-a12eb8f2ff47', 'Фарбування стелі водоемульсійною фарбою', 'WORK', 'M2', 6),
('a4fe8740-74f3-4972-a35a-690a790202e7', 'e56d46d2-78ba-4cdf-8c5e-777a39ffca50', 'Штукатурка укосів', 'WORK', 'LINEAR_METER', 0),
('9db06f49-1bcc-41aa-b7db-be69c0c75427', 'e56d46d2-78ba-4cdf-8c5e-777a39ffca50', 'Установка перфорованих кутів на укоси', 'WORK', 'LINEAR_METER', 1),
('97f94498-cac6-4f53-b7e3-eed5366def92', 'e56d46d2-78ba-4cdf-8c5e-777a39ffca50', 'Грунтовка поверхонь перед шпаклівкою фарбуванням', 'WORK', 'M2', 2),
('b52ceb4a-da30-4e71-b2bc-2bf45465499a', 'e56d46d2-78ba-4cdf-8c5e-777a39ffca50', 'Фарбування стін водоемульсійною фарбою', 'WORK', 'M2', 3),
('2ede3e25-f29d-469f-babb-b4e89f7f3894', 'ccf7a529-a24e-4376-8ce5-9807f27d4eb6', 'Обрешітка дерев''яною рейкою', 'WORK', 'M2', 0),
('e1665c3c-dbc9-4a66-a1c0-a2ecacf2f058', 'ccf7a529-a24e-4376-8ce5-9807f27d4eb6', 'Монтаж дерев''яної вагонки на стіну', 'WORK', 'M2', 1),
('f59dbd51-bedd-442c-af3d-8d85274c9d61', 'ccf7a529-a24e-4376-8ce5-9807f27d4eb6', 'Фарбування дерев''яної вагонки', 'WORK', 'M2', 2),
('5f85f0ba-3de2-4179-beca-d397cc99bea1', '06bee236-c411-413e-98b3-7d0bd2bb7d77', 'Грунтовка поверхонь перед шпаклівкою фарбуванням', 'WORK', 'M2', 0),
('4cf4523f-c0bc-4867-aa00-2d545ed0c405', '06bee236-c411-413e-98b3-7d0bd2bb7d77', 'Шпаклівка стін під склополотно шпалери', 'WORK', 'M2', 1),
('62ba9635-cce1-4a0d-8eff-0398c5b2b433', '06bee236-c411-413e-98b3-7d0bd2bb7d77', 'Поклейка фотошпалер', 'WORK', 'M2', 2),
('c1724bc5-30c7-407e-9998-763494799661', '0abc222e-e934-4b07-95a4-3aeea8355f38', 'Звукоізоляція стін мінеральною ватою', 'WORK', 'M2', 0),
('c28ba3c4-a9b9-4ce3-b6e8-77b26765b2dd', '0abc222e-e934-4b07-95a4-3aeea8355f38', 'Каркасна звукоізоляція ГКЛ два слоя стін', 'WORK', 'M2', 1),
('4e6917d7-c7e7-446f-9598-d59dd863af65', '0abc222e-e934-4b07-95a4-3aeea8355f38', 'Герметизація швів стиків герметиком', 'WORK', 'LINEAR_METER', 2),
('4f26e888-d26f-4fa8-bc63-7c4f137db0a6', 'b6dacecc-1dfe-4436-955c-c2878953f8de', 'Грунтовка поверхонь перед шпаклівкою фарбуванням', 'WORK', 'M2', 0),
('fb793a34-6b2c-41c8-85b0-c43388a7d853', 'b6dacecc-1dfe-4436-955c-c2878953f8de', 'Шпаклівка стін під фарбування', 'WORK', 'M2', 1),
('12b52159-f622-4d13-8464-b1119fe6554e', 'b6dacecc-1dfe-4436-955c-c2878953f8de', 'Грунтовка поверхонь бетоноконтактом', 'WORK', 'M2', 2),
('6e938af8-56e7-4717-8384-f2b724431ec5', 'b6dacecc-1dfe-4436-955c-c2878953f8de', 'Венеціанська штукатурка', 'WORK', 'M2', 3),
('73ca6f77-2f9a-43ec-83b4-da7121555d19', 'b6dacecc-1dfe-4436-955c-c2878953f8de', 'Мармурова крихта', 'WORK', 'M2', 4),
('4b120fba-a5e9-41d8-b230-3597d958b2c1', 'e90b24d6-2a5e-40c9-9cb1-362e0bc93068', 'Грунтовка поверхонь перед шпаклівкою фарбуванням', 'WORK', 'M2', 0),
('2c4bd41c-1529-4bdb-972c-4997331b96ba', 'e90b24d6-2a5e-40c9-9cb1-362e0bc93068', 'Шпаклівка стелі під фарбування', 'WORK', 'M2', 1),
('939111bd-0c05-47f4-b6a1-0a5d565bb40c', 'e90b24d6-2a5e-40c9-9cb1-362e0bc93068', 'Натяжна стеля', 'WORK', 'M2', 2),
('5c5fe167-b1a2-4d79-bd16-8fe0aa51c3f3', '6f219e8a-f9a8-41d2-a4be-4c9ba5c5c6b0', 'Монтаж гіпсокартону на стелю рівну', 'WORK', 'M2', 0),
('34360e39-07c3-4d69-8ea3-57c72147c8ce', '6f219e8a-f9a8-41d2-a4be-4c9ba5c5c6b0', 'Заробка стиків у гіпсокартоні поклейка серпянки', 'WORK', 'LINEAR_METER', 1),
('f16b2afb-1470-436a-8b43-3b6ce5a48481', '36f6a44f-5834-49da-84d5-cb92197fb983', 'Монтаж гіпсокартону на стелю рівну', 'WORK', 'M2', 0),
('81f036b3-d560-4907-ac59-9a5792c3b19a', '36f6a44f-5834-49da-84d5-cb92197fb983', 'Монтаж короба прямого по периметру стелі', 'WORK', 'LINEAR_METER', 1),
('4bd204e9-304b-4f5e-a4a5-cbb89a43c7bb', '36f6a44f-5834-49da-84d5-cb92197fb983', 'Монтаж ніші під прихований карниз короб під комунікації', 'WORK', 'LINEAR_METER', 2),
('e8ea46cf-3a3f-4498-b694-acc2cf68c64e', '36f6a44f-5834-49da-84d5-cb92197fb983', 'Заробка стиків у гіпсокартоні поклейка серпянки', 'WORK', 'LINEAR_METER', 3),
('548b1213-cc5c-4ca6-b1e3-2131251e0740', '51595e31-c869-481d-8d65-8372a0e7c037', 'Монтаж гіпсокартону на стелю зі скосами', 'WORK', 'M2', 0),
('c1e01dc4-344b-476c-a016-cd70e78b3b3e', '51595e31-c869-481d-8d65-8372a0e7c037', 'Монтаж короба радіусного по периметру стелі', 'WORK', 'LINEAR_METER', 1),
('2f514a1c-7ef6-48ba-b28b-13ab72f154ab', '51595e31-c869-481d-8d65-8372a0e7c037', 'Монтаж ніші під прихований карниз короб під комунікації', 'WORK', 'LINEAR_METER', 2),
('72915a67-83f9-4514-923b-36b68b36b5fe', '51595e31-c869-481d-8d65-8372a0e7c037', 'Облаштування ніші ГКЛ з підсвічуванням', 'WORK', 'LINEAR_METER', 3),
('45518c25-7019-4b83-bf7c-6d29c79ec25b', '51595e31-c869-481d-8d65-8372a0e7c037', 'Заробка стиків у гіпсокартоні поклейка серпянки', 'WORK', 'LINEAR_METER', 4),
('8e2f3909-5b5c-49f9-a3f9-bc2d2c8624f4', 'ae702162-adbb-4bae-9c8b-90bf932e8aae', 'Монтаж перегородки ГКЛ 2 сторони в 1 шар', 'WORK', 'M2', 0),
('912ba62b-8d30-49c8-8ef0-c119d8758abd', 'ae702162-adbb-4bae-9c8b-90bf932e8aae', 'Утеплення мінватою в один шар', 'WORK', 'M2', 1),
('1885b9bb-e654-4109-ab01-f405091b72d5', 'ae702162-adbb-4bae-9c8b-90bf932e8aae', 'Заробка стиків у гіпсокартоні поклейка серпянки', 'WORK', 'LINEAR_METER', 2),
('3e4c8854-5140-4472-8268-545d71210bd3', '21eba7a2-50af-46bf-bd6e-d5ccbaf2059b', 'Монтаж перегородки ГКЛ 2 сторони в 2 шари', 'WORK', 'M2', 0),
('1654a996-6546-4d95-bcea-3bb0330b77f9', '21eba7a2-50af-46bf-bd6e-d5ccbaf2059b', 'Утеплення мінватою в один шар', 'WORK', 'M2', 1),
('35d39698-8896-4608-811d-3d4120cc34b2', '21eba7a2-50af-46bf-bd6e-d5ccbaf2059b', 'Заробка стиків у гіпсокартоні поклейка серпянки', 'WORK', 'LINEAR_METER', 2),
('bae0c64b-6697-462f-a5fd-6da10678b189', '0c4ed211-0459-4cde-8051-c76622d2a0a6', 'Монтаж гіпсокартону на стіни', 'WORK', 'M2', 0),
('cc569b68-67fe-41f1-a372-42f7a5772b14', '0c4ed211-0459-4cde-8051-c76622d2a0a6', 'Утеплення ГКЛ стіродуром', 'WORK', 'M2', 1),
('d4be4e48-a3c5-49da-b845-885d4e17409f', '0c4ed211-0459-4cde-8051-c76622d2a0a6', 'Заробка стиків у гіпсокартоні поклейка серпянки', 'WORK', 'LINEAR_METER', 2),
('5580144e-10a4-4bf5-a89a-f14657c954f2', '21fa0007-4bef-4f52-ac8e-d0fe0eb2b178', 'Монтаж ніші під прихований карниз короб під комунікації', 'WORK', 'LINEAR_METER', 0),
('6fda6615-609d-4388-b8e2-2539c4fb1e8d', '21fa0007-4bef-4f52-ac8e-d0fe0eb2b178', 'Обшивка інсталяції в т.ч. отвори', 'WORK', 'PIECE', 1),
('2db8e0c3-2534-45c0-afbc-d560935faf2e', '21fa0007-4bef-4f52-ac8e-d0fe0eb2b178', 'Заробка стиків у гіпсокартоні поклейка серпянки', 'WORK', 'LINEAR_METER', 2),
('a742743a-d937-4bb3-b5b6-14f2c63cd120', '1aafab55-8994-49a2-a12d-72e6a694a58b', 'Монтаж радіусної перегородки ГКЛ в 1 шар', 'WORK', 'M2', 0),
('c505ad86-30f4-4589-9758-476f1cc63889', '1aafab55-8994-49a2-a12d-72e6a694a58b', 'Утеплення мінватою в один шар', 'WORK', 'M2', 1),
('3bfe61fd-e3a8-44a7-82ce-d1fd17f70aaf', '1aafab55-8994-49a2-a12d-72e6a694a58b', 'Заробка стиків у гіпсокартоні поклейка серпянки', 'WORK', 'LINEAR_METER', 2),
('c413a368-ab4c-478e-bbcf-3e1f502b5784', '0e47006f-2a9b-4b4b-830f-fb1fe4008951', 'Обшивка інсталяції в т.ч. отвори', 'WORK', 'PIECE', 0),
('6675ba3f-62a6-42d6-b97b-f37e402c4325', '0e47006f-2a9b-4b4b-830f-fb1fe4008951', 'Монтаж екрану ванни з підступком', 'WORK', 'PIECE', 1),
('f0a73f9f-3df4-4905-83be-82f23bf6f456', 'ce70f9b0-5f0a-4426-bce5-28edc2d7b40f', 'Монтаж гіпсокартону на стелю рівну', 'WORK', 'M2', 0),
('8317c132-1c5c-4f10-a906-74fe05229a37', 'ce70f9b0-5f0a-4426-bce5-28edc2d7b40f', 'Монтаж профілю тіньового шва по периметру стелі', 'WORK', 'LINEAR_METER', 1),
('1f9700ce-3afb-426a-8fed-9e19ea1e1a99', 'ce70f9b0-5f0a-4426-bce5-28edc2d7b40f', 'Заробка стиків у гіпсокартоні поклейка серпянки', 'WORK', 'LINEAR_METER', 2),
('5aaafd5d-ea36-467a-bc27-f00be06716ed', '6edb2e04-30af-4979-a78d-437206bff9be', 'Монтаж гіпсокартону на стіни', 'WORK', 'M2', 0),
('fd861679-28b9-470c-918e-d6c0e5ae8c0f', '6edb2e04-30af-4979-a78d-437206bff9be', 'Облаштування ніші ГКЛ з підсвічуванням', 'WORK', 'LINEAR_METER', 1),
('293b9c7a-799b-4734-9fba-8cbdf53a4e5c', '6edb2e04-30af-4979-a78d-437206bff9be', 'Монтаж треків прихованого карниза', 'WORK', 'LINEAR_METER', 2),
('ce24edad-822c-45cf-b40f-0e66c79767ea', '6edb2e04-30af-4979-a78d-437206bff9be', 'Заробка стиків у гіпсокартоні поклейка серпянки', 'WORK', 'LINEAR_METER', 3),
('a631ecd2-4167-461c-b1e4-352ce9ad47f0', '0f5085e9-d7e0-45cf-aa39-4e7f133facd9', 'Грунтовка під стяжку', 'WORK', 'M2', 0),
('85aa6507-10d5-44b7-b1e6-0bff91377ac7', '0f5085e9-d7e0-45cf-aa39-4e7f133facd9', 'Армування підлоги сіткою під стяжку', 'WORK', 'M2', 1),
('148da860-432e-4e67-aec1-e685cfd112e9', '0f5085e9-d7e0-45cf-aa39-4e7f133facd9', 'Монтаж демпферної стрічки', 'WORK', 'M2', 2),
('e775d159-c4b6-41eb-b342-bf44bcacc08f', '0f5085e9-d7e0-45cf-aa39-4e7f133facd9', 'Цементно-піщана стяжка до 20м2', 'WORK', 'M2', 3),
('3386dbe2-1cf3-4750-b4c4-0b80f2dee528', 'f7fa1ffc-4b6d-49e7-9666-88970ad33622', 'Грунтовка під стяжку', 'WORK', 'M2', 0),
('33ad983b-57a7-4613-b4e8-2d7a1b0fb266', 'f7fa1ffc-4b6d-49e7-9666-88970ad33622', 'Вирівнювання підлоги самовирівнюючим розчином', 'WORK', 'M2', 1),
('9f3f0d61-cad3-4e05-aeee-9588863ffd51', 'f7fa1ffc-4b6d-49e7-9666-88970ad33622', 'Наливна підлога самовирівнююча', 'WORK', 'M2', 2),
('9c1a8689-26c9-4c74-891e-eea76f0042f4', '3562e795-227a-462b-8469-17464dcc7557', 'Грунтовка підлоги підготовчі роботи', 'WORK', 'M2', 0),
('1560d440-70bf-42f2-a78c-325f132144b4', '3562e795-227a-462b-8469-17464dcc7557', 'Монтаж демпферної стрічки', 'WORK', 'M2', 1),
('5e42e4ae-f8ef-4680-82cf-f1da383a20ed', '3562e795-227a-462b-8469-17464dcc7557', 'Укладка ламінату проста', 'WORK', 'M2', 2),
('eb66c4cb-e510-453f-bb2b-09c79a522981', '3562e795-227a-462b-8469-17464dcc7557', 'Монтаж плінтуса пластик', 'WORK', 'LINEAR_METER', 3),
('d9fa91d4-0f2f-4f5a-afe5-bfb8edb6ab90', '3562e795-227a-462b-8469-17464dcc7557', 'Монтаж міжкімнатного порога', 'WORK', 'LINEAR_METER', 4),
('8075d507-aaa0-4c67-985e-3e5bd50d4413', 'bdd2daed-a532-4e3e-8983-f112a08ea300', 'Грунтовка підлоги підготовчі роботи', 'WORK', 'M2', 0),
('19298317-adf7-4af0-8ddb-40923d5638c5', 'bdd2daed-a532-4e3e-8983-f112a08ea300', 'Монтаж демпферної стрічки', 'WORK', 'M2', 1),
('be8ca7ef-4691-49dc-a652-2e2192467af5', 'bdd2daed-a532-4e3e-8983-f112a08ea300', 'Укладка ламінату по діагоналі', 'WORK', 'M2', 2),
('b66d2182-61f7-40e5-aa92-8259e2d13968', 'bdd2daed-a532-4e3e-8983-f112a08ea300', 'Монтаж плінтуса шпонованого МДФ', 'WORK', 'LINEAR_METER', 3),
('e91a16c1-f389-4054-b7ad-c471bf249201', 'bdd2daed-a532-4e3e-8983-f112a08ea300', 'Монтаж міжкімнатного порога', 'WORK', 'LINEAR_METER', 4),
('381f2cdd-d2f7-42d9-9241-e554188950ce', '172d28b2-c32f-46e8-be10-049a3d0bd95a', 'Грунтовка підлоги підготовчі роботи', 'WORK', 'M2', 0),
('e4e28224-8eac-44c2-bafa-548d66aa7a8d', '172d28b2-c32f-46e8-be10-049a3d0bd95a', 'Вирівнювання підлоги самовирівнюючим розчином', 'WORK', 'M2', 1),
('d4d3195c-6d9e-4109-8f94-0945bd912ac6', '172d28b2-c32f-46e8-be10-049a3d0bd95a', 'Укладка кварцвінілу на підкладку', 'WORK', 'M2', 2),
('bd8e5322-5bc9-424f-a3c4-19b51419e6f9', '172d28b2-c32f-46e8-be10-049a3d0bd95a', 'Монтаж плінтуса пластик', 'WORK', 'LINEAR_METER', 3),
('6bde3665-53b5-43e4-9f69-b78a7ff81e20', '172d28b2-c32f-46e8-be10-049a3d0bd95a', 'Монтаж міжкімнатного порога', 'WORK', 'LINEAR_METER', 4),
('abe04c16-335f-4bb8-8b64-0cebeeea100d', '75d0afdd-5bce-48df-abfc-5477729ecfcd', 'Грунтовка підлоги підготовчі роботи', 'WORK', 'M2', 0),
('402f4902-61d2-4ad6-8bb2-e0758c9ff73b', '75d0afdd-5bce-48df-abfc-5477729ecfcd', 'Вирівнювання підлоги самовирівнюючим розчином', 'WORK', 'M2', 1),
('7781f020-215f-4c67-90af-212a8633588e', '75d0afdd-5bce-48df-abfc-5477729ecfcd', 'Настил лінолеуму ковроліну', 'WORK', 'M2', 2),
('afba81c0-1f56-40c7-8071-ea111bfa41d3', '75d0afdd-5bce-48df-abfc-5477729ecfcd', 'Монтаж плінтуса пластик', 'WORK', 'LINEAR_METER', 3),
('529dfde2-e155-4c1f-b1b8-043522b4f37d', '75d0afdd-5bce-48df-abfc-5477729ecfcd', 'Монтаж міжкімнатного порога', 'WORK', 'LINEAR_METER', 4),
('05948334-858a-4db6-9e62-6ec44193a1ca', 'a824c022-60c8-40a5-a73d-743950c7147d', 'Плівкова ізоляція під стяжку', 'WORK', 'M2', 0),
('ebaeccb4-50ed-4826-8520-5ba4f6135b4f', 'a824c022-60c8-40a5-a73d-743950c7147d', 'Монтаж утеплювача під стяжку', 'WORK', 'M2', 1),
('b8842802-b242-49d3-83c5-57da5d16bbe4', 'a824c022-60c8-40a5-a73d-743950c7147d', 'Армування підлоги сіткою під стяжку', 'WORK', 'M2', 2),
('690f0fc5-abd3-4c2a-ad52-1ef44d597608', 'a824c022-60c8-40a5-a73d-743950c7147d', 'Монтаж демпферної стрічки', 'WORK', 'M2', 3),
('07c83645-9fc6-4a94-95f5-cb336155f0db', 'a824c022-60c8-40a5-a73d-743950c7147d', 'Цементно-піщана стяжка понад 20м2', 'WORK', 'M2', 4),
('409984a9-76c3-4f73-9de8-ba709443b0f1', 'f83ca245-7e2d-4f12-99c7-61c95c28a96a', 'Влаштування дерев''яних лаг', 'WORK', 'M2', 0),
('7248e9b2-9291-4c29-ae15-163fd9c3d6c7', 'f83ca245-7e2d-4f12-99c7-61c95c28a96a', 'Настил підлоги із дошки', 'WORK', 'M2', 1),
('fa627a42-8795-4f67-9f4e-2ea4fc435377', 'f83ca245-7e2d-4f12-99c7-61c95c28a96a', 'Шліфування дерев''яної підлоги', 'WORK', 'M2', 2),
('30f1831a-57d9-40ee-86d5-f242ced60e26', 'f83ca245-7e2d-4f12-99c7-61c95c28a96a', 'Нанесення лаку тонера на підлогу', 'WORK', 'M2', 3),
('ef39d3f0-2e34-455c-9b78-4295c510efd4', 'f83ca245-7e2d-4f12-99c7-61c95c28a96a', 'Монтаж плінтуса дерев''яного', 'WORK', 'LINEAR_METER', 4),
('d6f0a3bd-d9a0-4931-b1fc-cc55be9fa2b1', 'b6642d18-59c2-4a86-a5ca-1d4455534676', 'Грунтовка підлоги підготовчі роботи', 'WORK', 'M2', 0),
('6cf8f51b-939b-43f4-8c01-11040f1c9a44', 'b6642d18-59c2-4a86-a5ca-1d4455534676', 'Монтаж терасної дошки', 'WORK', 'M2', 1),
('7e05f9ae-7348-4b4a-9943-0b27beeb2309', 'b6642d18-59c2-4a86-a5ca-1d4455534676', 'Фарбування плінтуса', 'WORK', 'LINEAR_METER', 2),
('3f42d3e0-af04-461f-a913-2815cd58d222', '631b7baf-c4cd-4d46-a920-af76f68fa092', 'Монтаж плінтуса дерев''яного', 'WORK', 'LINEAR_METER', 0),
('d91fec46-35a8-4ee3-b651-54a839ca0359', '631b7baf-c4cd-4d46-a920-af76f68fa092', 'Фарбування плінтуса', 'WORK', 'LINEAR_METER', 1),
('5ac6e489-d3b6-4450-984d-69852011352f', '631b7baf-c4cd-4d46-a920-af76f68fa092', 'Монтаж міжкімнатного порога', 'WORK', 'LINEAR_METER', 2),
('077d8061-96f9-4c48-a1c4-2c84bbacde3a', 'e0d6a86e-20be-4756-ba1d-ce4a132e0816', 'Шліфування дерев''яної підлоги', 'WORK', 'M2', 0),
('67f12a8b-1e02-4d90-8415-73d9277be1f6', 'e0d6a86e-20be-4756-ba1d-ce4a132e0816', 'Циклювання паркету з лакуванням', 'WORK', 'M2', 1),
('7a03ca03-2b61-430e-84a4-073cd097aa85', 'e0d6a86e-20be-4756-ba1d-ce4a132e0816', 'Брашування паркету', 'WORK', 'M2', 2),
('193224aa-d6fe-41eb-9279-852bb199119c', 'e0d6a86e-20be-4756-ba1d-ce4a132e0816', 'Нанесення лаку тонера на підлогу', 'WORK', 'M2', 3),
('ada8ba21-1e34-49ad-8152-2709d4df6a55', 'e0d6a86e-20be-4756-ba1d-ce4a132e0816', 'Монтаж плінтуса дерев''яного', 'WORK', 'LINEAR_METER', 4),
('7ac36fcf-90d2-425c-94d8-205c2adf0e94', '0162f1f1-1718-4c32-bef6-5df0af937046', 'Грунтовка під стяжку', 'WORK', 'M2', 0),
('bcfe1710-8e69-4332-9b48-b30cf6b73202', '0162f1f1-1718-4c32-bef6-5df0af937046', 'Плівкова ізоляція під стяжку', 'WORK', 'M2', 1),
('06597780-2312-4aa2-9b54-2dbc2e73bae6', '0162f1f1-1718-4c32-bef6-5df0af937046', 'Монтаж демпферної стрічки', 'WORK', 'M2', 2),
('96007fdb-666e-476f-951d-4714a1d2a2fe', '0162f1f1-1718-4c32-bef6-5df0af937046', 'Армування підлоги сіткою під стяжку', 'WORK', 'M2', 3),
('0889cda2-2e7b-4c49-a61f-3be368c5996b', '0162f1f1-1718-4c32-bef6-5df0af937046', 'Машинна стяжка самовирівнююча', 'WORK', 'M2', 4),
('072abdf6-a405-406c-bd7c-3c792ccd6414', '29c26d02-9be8-48d4-b4d1-0a02f6f84c9f', 'Копання траншей ям котловану вручну', 'WORK', 'M3', 0),
('b612e72c-229a-4a78-bd91-01a7796a14ee', '29c26d02-9be8-48d4-b4d1-0a02f6f84c9f', 'Піщана подушка з ущільненням', 'WORK', 'M2', 1),
('a3793641-49cb-4675-9930-a93dd14b8591', '29c26d02-9be8-48d4-b4d1-0a02f6f84c9f', 'Щебенева підготовка до 10 см', 'WORK', 'M2', 2),
('05e78471-fa9c-4156-ac47-f55e3bc36348', '29c26d02-9be8-48d4-b4d1-0a02f6f84c9f', 'Монтаж та демонтаж опалубки для фундаменту', 'WORK', 'M2', 3),
('c53c1058-2949-448c-afc6-1bd2c53b411e', '29c26d02-9be8-48d4-b4d1-0a02f6f84c9f', 'Облаштування фундаменту (приймання бетону арматура)', 'WORK', 'M3', 4),
('0ace7f4d-7aa5-401e-9ad8-3c60bf08ce22', '29c26d02-9be8-48d4-b4d1-0a02f6f84c9f', 'Гідроізоляція фундаменту мастикою', 'WORK', 'M2', 5),
('01b3c082-9eab-4356-8846-a338bc1ebf9e', '29c26d02-9be8-48d4-b4d1-0a02f6f84c9f', 'Зворотня засипка траншеї', 'WORK', 'M3', 6),
('3bf9bb89-bda6-4aab-8932-23ff2f792e0b', 'b715fe12-ae91-4232-964f-27e9dfeb1bc0', 'Кладка стін з газоблоку піноблоку 300 мм', 'WORK', 'M3', 0),
('0a05b021-6337-4e62-bb95-d2e53fb77116', 'b715fe12-ae91-4232-964f-27e9dfeb1bc0', 'Армування кладки сіткою арматурою', 'WORK', 'LINEAR_METER', 1),
('47f8d74b-cc70-41be-8109-b1ac9b3612b9', 'b715fe12-ae91-4232-964f-27e9dfeb1bc0', 'Монтаж перемичок над прорізами', 'WORK', 'PIECE', 2),
('95081491-41d3-4d42-8bf8-ee9be7ec7d14', 'b715fe12-ae91-4232-964f-27e9dfeb1bc0', 'Анкерування однієї стіни до іншої', 'WORK', 'PIECE', 3),
('b6322482-2e14-4dd7-89fe-10f52f0d3fec', 'b715fe12-ae91-4232-964f-27e9dfeb1bc0', 'Приготування розчину для кладки без щебня', 'WORK', 'M3', 4),
('83d1d2ca-2197-4747-adce-ab398be49d4b', '03acb9cc-91f5-4049-96cc-18910ae714da', 'Кладка цегли 380 мм', 'WORK', 'M3', 0),
('e9d9c8ab-a2bf-4e8d-9437-1e95f936c917', '03acb9cc-91f5-4049-96cc-18910ae714da', 'Армування кладки сіткою арматурою', 'WORK', 'LINEAR_METER', 1),
('ee7ff654-822a-4b35-a44d-f2296451c722', '03acb9cc-91f5-4049-96cc-18910ae714da', 'Монтаж перемичок над прорізами', 'WORK', 'PIECE', 2),
('8070b9ac-0203-4adf-a50e-76bb92bb997b', '03acb9cc-91f5-4049-96cc-18910ae714da', 'Кладка вентканалів і димоходу', 'WORK', 'LINEAR_METER', 3),
('8455de52-f74c-4823-80dc-22688b4142bf', '03acb9cc-91f5-4049-96cc-18910ae714da', 'Приготування розчину з щебнем', 'WORK', 'M3', 4),
('e313ae30-03ce-4b4d-ac6d-a05fd4289b2c', '6334cbf9-d8e9-4659-b3c4-c8149de39264', 'Кладка перегородки з піноблоку газоблоку до 50м2', 'WORK', 'M2', 0),
('a3be2f61-6a81-4a35-a2d0-5f65930a8236', '6334cbf9-d8e9-4659-b3c4-c8149de39264', 'Армування кладки сіткою арматурою', 'WORK', 'LINEAR_METER', 1),
('179c061c-f974-4067-9360-0c9eb52fd523', '6334cbf9-d8e9-4659-b3c4-c8149de39264', 'Анкерування однієї стіни до іншої', 'WORK', 'PIECE', 2),
('5404e759-0e99-4b93-81b3-9f33bc920df5', '6334cbf9-d8e9-4659-b3c4-c8149de39264', 'Облаштування дверної пройми', 'WORK', 'PIECE', 3),
('781a18c9-7c62-47c2-876b-86579d971971', '6334cbf9-d8e9-4659-b3c4-c8149de39264', 'Монтаж перемичок над прорізами', 'WORK', 'PIECE', 4),
('1d3dd2cd-4309-4f84-86a8-fb6c4b378663', '458b1d19-552a-42e6-a5a4-eaa0576235b8', 'Монтаж маурлата', 'WORK', 'LINEAR_METER', 0),
('6840f963-45df-4213-aa0c-bf90794795a2', '458b1d19-552a-42e6-a5a4-eaa0576235b8', 'Монтаж двоскатного даху комплекс', 'WORK', 'M2', 1),
('ebe0b76e-94bf-4ccc-9a1f-779a8646b920', '458b1d19-552a-42e6-a5a4-eaa0576235b8', 'Обробка антисептиком', 'WORK', 'M3', 2),
('e0fa8d2b-6bda-4f9b-9820-a6a6c23a6524', '458b1d19-552a-42e6-a5a4-eaa0576235b8', 'Монтаж утеплювача на покрівлю до 100мм', 'WORK', 'M2', 3),
('d1b4e5b1-14ed-4b11-8eae-2d6c6c7f9779', '458b1d19-552a-42e6-a5a4-eaa0576235b8', 'Гідробар''єр паробар''єр', 'WORK', 'M2', 4),
('30034a00-8b61-4e7a-aafd-b176f67b083a', '458b1d19-552a-42e6-a5a4-eaa0576235b8', 'Укладання металочерепиці', 'WORK', 'M2', 5),
('d236c759-a094-4219-8153-6aebee90b0ca', '458b1d19-552a-42e6-a5a4-eaa0576235b8', 'Монтаж капельника', 'WORK', 'LINEAR_METER', 6),
('70f917ff-6579-4c0f-86e6-757d04ca8899', '458b1d19-552a-42e6-a5a4-eaa0576235b8', 'Монтаж водостоків жолоб труба', 'WORK', 'LINEAR_METER', 7),
('148903f4-e60a-422b-a0a2-143c3d0e0d11', '3d24c4c1-7e9b-4b87-8c70-c3b6d0633c23', 'Утеплення фасада комплекс пінопласт сітка декор штукатурка', 'WORK', 'M2', 0),
('a8bde59b-0895-4ebf-ba64-40ac526f4e63', '3d24c4c1-7e9b-4b87-8c70-c3b6d0633c23', 'Монтаж пінопласта клей дюбель', 'WORK', 'M2', 1),
('461d8003-845b-4a56-b3a4-975975a0dbf7', '3d24c4c1-7e9b-4b87-8c70-c3b6d0633c23', 'Армування фасаду сітка перетяжка', 'WORK', 'M2', 2),
('96096f1a-d89f-4672-9a5c-cd7427bdea33', '3d24c4c1-7e9b-4b87-8c70-c3b6d0633c23', 'Декоративна штукатурка фасаду короїд баранець', 'WORK', 'M2', 3),
('d11ce00d-64a2-418a-93d5-a21570bad6fd', '3d24c4c1-7e9b-4b87-8c70-c3b6d0633c23', 'Фарбування фасаду', 'WORK', 'M2', 4),
('1511c9ae-4802-4df7-99ae-c508d2970292', 'ae35c875-8fcc-4257-910b-3ee85d6e6acc', 'Планування ущільнення віброплитою під плитку до 20см', 'WORK', 'M2', 0),
('3b29e844-a37d-4f79-b256-d53f30f285ab', 'ae35c875-8fcc-4257-910b-3ee85d6e6acc', 'Приготування гарцовки для тротуарної плитки', 'WORK', 'M3', 1),
('4324db9b-0f8c-4ff1-91a8-de9e6cf3e89a', 'ae35c875-8fcc-4257-910b-3ee85d6e6acc', 'Укладання тротуарної плитки на гарцовку', 'WORK', 'M2', 2),
('fc225112-9810-49a9-b4d6-63a0d376cade', 'ae35c875-8fcc-4257-910b-3ee85d6e6acc', 'Установка піскоприймача в плитку', 'WORK', 'PIECE', 3),
('22c14e5a-053c-4368-b98b-4de2f91fc546', 'ae35c875-8fcc-4257-910b-3ee85d6e6acc', 'Монтаж бордюру для тротуарної плитки', 'WORK', 'LINEAR_METER', 4),
('ebfcec85-81c8-4e96-9ac8-1865ec19e1ac', '2447e7f3-15dc-4226-aed8-5d1895129966', 'Цоколь паркану бетонний 20х50', 'WORK', 'LINEAR_METER', 0),
('1f19102e-2247-489d-b90d-7ab3cffe0000', '2447e7f3-15dc-4226-aed8-5d1895129966', 'Установка дерев''яного металевого стовпа паркану', 'WORK', 'PIECE', 1),
('d7dfad2a-a33e-43f2-acc6-eee50d63de38', '2447e7f3-15dc-4226-aed8-5d1895129966', 'Монтаж профнастилу на паркан до 2м', 'WORK', 'M2', 2),
('d33a4c74-4305-44d6-bedd-afd3505b9cf6', '2447e7f3-15dc-4226-aed8-5d1895129966', 'Монтаж кришки з жерсті на низ паркану', 'WORK', 'LINEAR_METER', 3),
('18c53a66-5cf3-4169-a58b-0c8c03a86464', 'ff38511d-5d8e-4e15-9280-9cfa149982c9', 'Планування грунту до 10 см', 'WORK', 'M2', 0),
('c6135e4e-101d-47ff-ae34-582af9b7ce59', 'ff38511d-5d8e-4e15-9280-9cfa149982c9', 'Щебенева підготовка до 10 см', 'WORK', 'M2', 1),
('2e16e261-e30b-4657-a091-ab37aceb4ec0', 'ff38511d-5d8e-4e15-9280-9cfa149982c9', 'Монтаж бордюру дорожній', 'WORK', 'LINEAR_METER', 2),
('3cd6d022-2792-4010-be53-f2eceef79a5a', 'ff38511d-5d8e-4e15-9280-9cfa149982c9', 'Доріжки з бетону з армуванням', 'WORK', 'M2', 3),
('f86741db-2967-4652-97e5-8ccf47caa47a', '02baab1b-27b1-4d33-8da8-48d98a3b8d31', 'Армування підлоги сіткою під стяжку', 'WORK', 'M2', 0),
('1cd49268-65fa-4245-9eb1-154edb927059', '02baab1b-27b1-4d33-8da8-48d98a3b8d31', 'Цементно-піщана стяжка понад 20м2', 'WORK', 'M2', 1),
('0a2c39b3-2bcc-4862-a7e8-ceaab9e3c784', '02baab1b-27b1-4d33-8da8-48d98a3b8d31', 'Вирівнювання підлоги самовирівнюючим розчином', 'WORK', 'M2', 2),
('92d3eb88-5148-4039-875b-3e63c0df2042', '26f3aa88-b56e-4761-930e-4c47b57b0f28', 'Планування ділянки і нівелювання', 'WORK', 'PIECE', 0),
('03b90e49-663f-408f-a37e-a74eb6fb9e7e', '26f3aa88-b56e-4761-930e-4c47b57b0f28', 'Установка дерев''яного металевого стовпа паркану', 'WORK', 'PIECE', 1),
('25ad53bf-1f4b-45e8-be42-62f8082283f5', '26f3aa88-b56e-4761-930e-4c47b57b0f28', 'Облаштування фундаменту (приймання бетону арматура)', 'WORK', 'M3', 2),
('da25e733-7e92-40fa-93ca-1ae77d711aba', '26f3aa88-b56e-4761-930e-4c47b57b0f28', 'Навіс легкий комплекс', 'WORK', 'M2', 3),
('c355f7e0-8c51-4cc2-b3bc-3e1cbf93dddd', '26f3aa88-b56e-4761-930e-4c47b57b0f28', 'Укладання профнастилу', 'WORK', 'M2', 4),
('990919e4-8931-4b81-9f01-ec62a52ecd4c', 'f8d5859a-bf58-4a66-afc5-0ca1cfe30187', 'Бетонні сходи пряма сходинка', 'WORK', 'PIECE', 0),
('68f7d489-81af-4ce9-8a45-4476b9b684b5', 'f8d5859a-bf58-4a66-afc5-0ca1cfe30187', 'Бетонні сходи поворотна сходинка', 'WORK', 'PIECE', 1),
('c32de6d3-2ee8-49c0-ade1-14e5ab70bbbf', 'f8d5859a-bf58-4a66-afc5-0ca1cfe30187', 'Бетонна площадка', 'WORK', 'PIECE', 2),
('214eb0ed-a5e2-4bde-9019-4caffe0b449f', '2bf9c072-f238-4417-b006-b81352a4272c', 'Монтаж утеплювача на покрівлю більше 100мм', 'WORK', 'M2', 0),
('c0ce1237-6d2c-4cbb-a4b9-e342e571b8fa', '2bf9c072-f238-4417-b006-b81352a4272c', 'Гідробар''єр паробар''єр', 'WORK', 'M2', 1),
('cf468f6d-91a1-4826-a645-a1923b47aa56', '2bf9c072-f238-4417-b006-b81352a4272c', 'Облаштування ПВХ-мембрани покрівлі', 'WORK', 'M2', 2),
('13ea4676-c250-466e-9bd4-3a18aee0a250', '2bf9c072-f238-4417-b006-b81352a4272c', 'Монтаж капельника', 'WORK', 'LINEAR_METER', 3),
('45a34c17-53a0-4da3-9b92-9ac62564c532', '2bf9c072-f238-4417-b006-b81352a4272c', 'Монтаж водостоків жолоб труба', 'WORK', 'LINEAR_METER', 4),
('e6322587-3eeb-408f-998d-88aa545df8c5', 'c1a3a50b-3237-44c6-afed-1e3cd54d449b', 'Вентильований фасад', 'WORK', 'M2', 0),
('fa97eca1-0137-4245-861b-96f4db641f51', 'c1a3a50b-3237-44c6-afed-1e3cd54d449b', 'Облицювання фасаду клінкерною плиткою', 'WORK', 'M2', 1),
('48d88ae6-89b1-4d02-839e-f8df906e7219', 'ff2594c1-da74-4cad-b062-9aee970ce56e', 'Демонтаж ванни', 'WORK', 'PIECE', 0),
('aede082f-45d8-41b1-9d06-f18c1edba4b5', 'ff2594c1-da74-4cad-b062-9aee970ce56e', 'Демонтаж унітазу', 'WORK', 'PIECE', 1),
('4816770c-fb9a-4826-af19-c68e4be05b39', 'ff2594c1-da74-4cad-b062-9aee970ce56e', 'Демонтаж умивальника раковини', 'WORK', 'PIECE', 2),
('b4dfd3b8-25be-412f-8ea5-9b239f5fa0f0', 'ff2594c1-da74-4cad-b062-9aee970ce56e', 'Демонтаж плитки зі стін', 'WORK', 'M2', 3),
('502324e0-9b86-47bd-b6e5-5dd2cda964ec', 'ff2594c1-da74-4cad-b062-9aee970ce56e', 'Демонтаж керамічної плитки з підлоги', 'WORK', 'M2', 4),
('8e4db25b-3f17-4a48-ac7a-10a8f465409f', 'ff2594c1-da74-4cad-b062-9aee970ce56e', 'Збивання штукатурки зі стін', 'WORK', 'M2', 5),
('57525840-a0cf-4be6-8148-195e151fb12e', 'ff2594c1-da74-4cad-b062-9aee970ce56e', 'Демонтаж стяжки бетонної', 'WORK', 'M2', 6),
('e306207f-bece-4362-a071-cb27af6d65a5', 'ff2594c1-da74-4cad-b062-9aee970ce56e', 'Винесення будівельного сміття', 'WORK', 'M3', 7),
('3d7fc102-1928-42ce-aa90-6db1ad55c5dc', 'c30950eb-a0de-402d-93c0-68d5dfa4da24', 'Зняття шпалер', 'WORK', 'M2', 0),
('d959bd17-8672-49a0-abbc-aad9f5564400', 'c30950eb-a0de-402d-93c0-68d5dfa4da24', 'Демонтаж плитки зі стін', 'WORK', 'M2', 1),
('308eadd2-b4ab-448a-8449-ec0184eb3b6e', 'c30950eb-a0de-402d-93c0-68d5dfa4da24', 'Демонтаж старої електропроводки', 'WORK', 'LINEAR_METER', 2),
('b7b2477f-b2ed-4152-b637-904e87d54593', 'c30950eb-a0de-402d-93c0-68d5dfa4da24', 'Демонтаж умивальника раковини', 'WORK', 'PIECE', 3),
('12917a70-5d32-47e3-8f16-f9d7499545e7', 'c30950eb-a0de-402d-93c0-68d5dfa4da24', 'Фасування сміття в мішки', 'WORK', 'PIECE', 4),
('570c76b9-1f0c-4610-a3da-a166493d72ea', 'c30950eb-a0de-402d-93c0-68d5dfa4da24', 'Винесення будівельного сміття', 'WORK', 'M3', 5),
('a98fbb24-e817-4a94-bcb9-22f827fd4341', 'baefbcb3-093f-45e5-b528-e4700a25e08a', 'Збивання штукатурки зі стін', 'WORK', 'M2', 0),
('c465ff4b-9aee-4978-aa01-69b4beb8ad78', 'baefbcb3-093f-45e5-b528-e4700a25e08a', 'Демонтаж перегородки з гіпсокартону', 'WORK', 'M2', 1),
('aab5ad2a-d8f5-45fb-b756-a01a946ed34d', 'baefbcb3-093f-45e5-b528-e4700a25e08a', 'Демонтаж цегляної стіни', 'WORK', 'M2', 2),
('517fadf0-09a4-4a15-9189-7381b10cac90', 'baefbcb3-093f-45e5-b528-e4700a25e08a', 'Фасування сміття в мішки', 'WORK', 'PIECE', 3),
('5fb8306c-b39b-4f9b-9dd9-8f9bf0964ce1', 'baefbcb3-093f-45e5-b528-e4700a25e08a', 'Винесення будівельного сміття', 'WORK', 'M3', 4),
('dc2d3012-8e57-4825-b5ac-2879cf9001bb', '3024d1fa-b898-4347-b986-16456a2029d4', 'Демонтаж плінтуса', 'WORK', 'LINEAR_METER', 0),
('77027a37-a393-4821-b30f-8b9ae6ed378b', '3024d1fa-b898-4347-b986-16456a2029d4', 'Демонтаж керамічної плитки з підлоги', 'WORK', 'M2', 1),
('356b99e2-112f-41e8-8111-e9ba6b4722f9', '3024d1fa-b898-4347-b986-16456a2029d4', 'Демонтаж ламінату паркету', 'WORK', 'M2', 2),
('6270baf5-4449-4daf-8313-e23fb11f7b35', '3024d1fa-b898-4347-b986-16456a2029d4', 'Демонтаж стяжки бетонної', 'WORK', 'M2', 3),
('e4d85f5f-6de8-4312-b875-eeb5242cb59e', '3024d1fa-b898-4347-b986-16456a2029d4', 'Винесення будівельного сміття', 'WORK', 'M3', 4),
('43ed918e-0929-448d-bbf5-bc9da076e107', '783291c5-120a-4739-be9b-b680938eeacf', 'Демонтаж гіпсокартонної стелі', 'WORK', 'M2', 0),
('98219ce1-4a5f-495f-a461-462bd31896e5', '783291c5-120a-4739-be9b-b680938eeacf', 'Демонтаж стельового багета', 'WORK', 'LINEAR_METER', 1),
('59fd64f9-949d-4ae1-a320-9e3ae2139bae', '783291c5-120a-4739-be9b-b680938eeacf', 'Винесення будівельного сміття', 'WORK', 'M3', 2),
('c0564bda-6327-41b9-ac50-01a0dc93120f', 'f39a57b9-4128-4bb5-a836-5542d95a670e', 'Збивання штукатурки зі стін', 'WORK', 'M2', 0),
('43b94d8a-c596-4950-a706-d21626b23c58', 'f39a57b9-4128-4bb5-a836-5542d95a670e', 'Зняття шпалер', 'WORK', 'M2', 1),
('971153bc-eb91-4872-be0a-9d0e52572c0e', 'f39a57b9-4128-4bb5-a836-5542d95a670e', 'Зняття старої фарби зі стін', 'WORK', 'M2', 2),
('cf678e00-c82f-4785-b103-d2f179b7dbb2', 'f39a57b9-4128-4bb5-a836-5542d95a670e', 'Демонтаж плитки зі стін', 'WORK', 'M2', 3),
('05f79c1b-50cb-4f03-9147-0c331aed6054', 'f39a57b9-4128-4bb5-a836-5542d95a670e', 'Винесення будівельного сміття', 'WORK', 'M3', 4),
('4a1894fe-93af-4604-b099-d6cd3f3b3e2f', '0edfcc16-84c6-489e-a3ae-5223326a84e5', 'Демонтаж міжкімнатних дверей з коробкою', 'WORK', 'PIECE', 0),
('476f1cd6-e11c-4570-b485-a9fec3576beb', '0edfcc16-84c6-489e-a3ae-5223326a84e5', 'Демонтаж вікна балконного блоку', 'WORK', 'PIECE', 1),
('6ef96469-3a2b-42c6-85c2-eb5994c46b4f', '0edfcc16-84c6-489e-a3ae-5223326a84e5', 'Демонтаж підвіконня', 'WORK', 'PIECE', 2),
('29f82445-ef95-4bc5-aa2c-e7b365d4e37c', '0edfcc16-84c6-489e-a3ae-5223326a84e5', 'Демонтаж плінтуса', 'WORK', 'LINEAR_METER', 3),
('cd7f14a3-646e-41cc-b2b5-e13d994896f3', '0edfcc16-84c6-489e-a3ae-5223326a84e5', 'Винесення будівельного сміття', 'WORK', 'M3', 4),
('fa1956be-0d7e-4cd2-a92b-5e7e1465843b', '2f366e28-e200-44d3-8fa2-2ad129117cce', 'Зняття шпалер', 'WORK', 'M2', 0),
('a13fe960-b2ff-425f-acbd-e0b5cecf75a5', '2f366e28-e200-44d3-8fa2-2ad129117cce', 'Демонтаж плитки зі стін', 'WORK', 'M2', 1),
('b2e4a1e6-a09e-4ee2-a199-769562a0db2a', '2f366e28-e200-44d3-8fa2-2ad129117cce', 'Демонтаж керамічної плитки з підлоги', 'WORK', 'M2', 2),
('7e18b086-d966-4648-b673-8667a47db6e7', '2f366e28-e200-44d3-8fa2-2ad129117cce', 'Демонтаж стяжки бетонної', 'WORK', 'M2', 3),
('742a96c7-64ba-4e98-b8f8-6dc225f11e8f', '2f366e28-e200-44d3-8fa2-2ad129117cce', 'Демонтаж міжкімнатних дверей з коробкою', 'WORK', 'PIECE', 4),
('a2a8a15e-de86-4c60-baab-045b7b942416', '2f366e28-e200-44d3-8fa2-2ad129117cce', 'Демонтаж старої електропроводки', 'WORK', 'LINEAR_METER', 5),
('0e55c302-b4e3-45f8-a693-cb1e2871d5bf', '2f366e28-e200-44d3-8fa2-2ad129117cce', 'Фасування сміття в мішки', 'WORK', 'PIECE', 6),
('23ada9be-057c-47cb-aab5-c2edf3fa9164', '2f366e28-e200-44d3-8fa2-2ad129117cce', 'Винесення будівельного сміття', 'WORK', 'M3', 7),
('6ade6441-ab0f-4381-aa9b-ce28a37109f5', '7495e1b7-3c5d-4d4c-86f5-ba0334ee223b', 'Демонтаж балконного блоку', 'WORK', 'PIECE', 0),
('13fddaab-4b69-4bad-aa3c-4a3e41ded2b9', '7495e1b7-3c5d-4d4c-86f5-ba0334ee223b', 'Демонтаж стінових панелей', 'WORK', 'M2', 1),
('41f3d43d-4b88-46ff-815d-adafb87db5df', '7495e1b7-3c5d-4d4c-86f5-ba0334ee223b', 'Демонтаж підвіконня', 'WORK', 'PIECE', 2),
('d5991079-ce3b-4c6e-8ffa-83dc7232b25e', '7495e1b7-3c5d-4d4c-86f5-ba0334ee223b', 'Демонтаж керамічної плитки з підлоги', 'WORK', 'M2', 3),
('7383ec9a-d7e1-4a3a-9a00-04576dfc4bd6', '7495e1b7-3c5d-4d4c-86f5-ba0334ee223b', 'Демонтаж стяжки бетонної', 'WORK', 'M2', 4),
('473de72a-870f-4bb2-80b7-1ddaa8dde516', '7495e1b7-3c5d-4d4c-86f5-ba0334ee223b', 'Винесення будівельного сміття', 'WORK', 'M3', 5),
('5c42e16d-6c37-46eb-9955-402641a32834', '52ec39b9-d228-4377-9626-d83a1b24288a', 'Демонтаж старої електропроводки', 'WORK', 'LINEAR_METER', 0),
('30627c79-a282-4abe-82c6-dabf553c76a2', '52ec39b9-d228-4377-9626-d83a1b24288a', 'Демонтаж умивальника раковини', 'WORK', 'PIECE', 1),
('7e90933e-8ecc-4b8c-b6ba-600c80a0ebae', '52ec39b9-d228-4377-9626-d83a1b24288a', 'Демонтаж унітазу', 'WORK', 'PIECE', 2),
('2f8158c5-aa1f-4681-8d2f-48f0df8328a1', '52ec39b9-d228-4377-9626-d83a1b24288a', 'Демонтаж ванни', 'WORK', 'PIECE', 3),
('391bd563-e099-4a33-a96e-aa133c1041c2', '52ec39b9-d228-4377-9626-d83a1b24288a', 'Винесення будівельного сміття', 'WORK', 'M3', 4);
